prompt,label
为一个推广新餐厅的网站设计一个界面。,3
比较以下两个人。,3
欧盟委员会宣布将英国脱欧期限延长6个月。,1
爸爸，星期天，下雨。,1
识别给定时间轴上显示的不同类型的事件。,1
阅读以下句子并为文本提供一个合适的标题。新技术对企业的影响不可低估。随着云计算的出现，许多公司已经实施了数字化流程，这些流程帮助他们提高了效率并加快了决策速度。,2
设计一份在线调查，收集顾客对商店客户服务体验的反馈。,3
在以下句子中加入青蛙的单数和复数形式：“青蛙和___迅速地跳开了。”,2
比较木质和塑料棒球棒的区别。,3
将80华氏度转换为摄氏度。,1
生成一个随机的“密码”，满足以下条件：-长度为8个字符-必须包含至少1个字母和1个数字。,2
比较马丁·路德·金和马尔科姆·X。,3
开发一个移动应用的概念，可以帮助用户更好地管理他们的财务。,2
找到9/20的近似值,3
写下一个语音助手的可能使用案例。,1
给我一个CSS代码，将字体大小设置为20px。,3
生成一个C++代码片段，用于反转给定的字符串。,3
解释这家公司如何通过影响者营销实现成功。输入：这家公司是一款健身应用程序，利用影响者营销推动应用程序下载和参与。,2
创建一个团队环境下工作成果的示例。,1
创作一首简单的关于友谊的诗。,1
识别神经元和突触之间的主要区别。,3
比较水果和蔬菜。,3
设计一个算法来检查给定的字符串是否包含重复字符。,3
发挥创意！为一家新公司设计一个创意概念。,3
解释以下代码为什么会出错。,3
减少二氧化碳排放的一种方法。,1
生成一个编程代码来计算两个数字的和。,3
设计一张关于气候变化的海报。,3
开发一个代码，创建一个字典，其中包含给定句子中每个单词的长度。,3
为一家专门提供南美菜肴的餐厅设计一个标志。,3
什么是比较分析？,3
选出露营旅行必需品：3罐豆子，6瓶水，2件T恤，手电筒，地图。,2
设计一首关于雪的俳句。,3
比较和对比虚拟助手的优缺点。,3
社交媒体使用的注意事项。,1
生成一个历史小说爱好者应该阅读的10本书的清单。,1
列出联合国安理会的五个成员国。,1
重新组织以下句子成段落：,1
比较借记卡和信用卡。,3
找到这个句子倒数第四个单词。,1
为销售有机农产品的企业设计一个标志。,3
计算给定矩形的面积，单位为平方英尺。,1
找出对话中存在的逻辑谬误。,3
制作经典意大利菜 Spaghetti Carbonara 的步骤。,2
比较软件和硬件。,3
评估此表中提供的定量数据。,1
生成10个用户可能会问虚拟助手的问题。,1
阿尔布克雷克位于美国的哪个地区？,1
对于以下数字列表，在每个数字前添加字母“ABS”，并将它们的顺序反转。,2
生成4-5个问题的列表，询问客户关于他们连接wifi的问题。,2
创建一个云存储服务的描述，结合了Dropbox和Google Drive的功能。,2
报告给定软件的错误。输入：新发布的在线购物小部件会间歇性崩溃。,2
使用各种形状设计房屋。,3
设计网站的步骤：,3
选择人口少于1000万的国家：波兰（3770万），摩洛哥（3645万）。,2
用不同的动词重写以下句子：“成功的关键是保持专注和决心。”,2
引用一句关于友谊的谚语并解释其含义。,1
在下面的段落中，找出名词：,1
描述小说的特点。,1
找出以下单词的同义词：Clever，Astute，Savvy。,2
气候变化是一个不能再被忽视的问题。我们必须采取行动来限制对我们星球的损害。,2
构建一个段落总结给定的事件。她被邀请参加聚会，她不确定是否应该参加。最终，她去了并度过了愉快的时光。,2
写一个成语的例子。,1
把句子分成两部分，更容易理解。,1
将给定的数据集从3*2矩阵重塑为1*6向量,2
咬不动的硬骨头，意思是贪多嚼不烂。,1
建议吸烟可能会有副作用。,1
设计一个3层神经网络来解决给定问题。,3
创建一个 SQL 查询，选择所有曾经住在加利福尼亚州的员工。,3
为电影《教父》生成一个合理的字幕。,1
列出五种在线购物车。,1
为一个由10名成员组成的软件开发团队建议最佳的问题跟踪系统。,2
在公园里我看到他了。他正在和一个陌生人交谈。请生成第三个句子。,2
建议一个90年代主题派对的主题。,1
构建一个正则表达式，允许IP地址在10.0.0.0到10.255.255.255的范围内。,2
总结苹果和橙子之间的区别。,3
布拉德·皮特、泰勒·斯威夫特、威尔·史密斯。生成一句话描述他们。,2
总结这篇关于机器学习领域的最新发展的文章，突出其主要观点。,2
找出“help”这个词的适当同义词。,1
创建甘特图，展示项目时间表。项目开始于4月16日，必须在5月21日之前完成。,2
设计一个网站开发公司的标志。,3
尝试预测序列中接下来的三个数字。,1
找出两个形容仙人掌的形容词。,1
将一篇关于猫的文章总结为两句话。猫是世界上最受欢迎的宠物之一，以其独立的性格和对主人的忠诚而闻名。,2
创建一套规则，用于一款名为“Snip Snap Snorp”的纸牌游戏。,2
根据最近的新闻文章，为其撰写一个标题。,1
用第一列的数据作为横坐标，第二列的数据作为纵坐标，创建一条新的折线图。,2
创造一个假设情景，在这个情景中，重力和电力的法则不起作用。,2
创建甘特图以可视化项目的时间表。项目包括在5周内研究和撰写一篇10000字的论文。,2
机器学习的目的是让计算机能够通过数据学习和改进，以完成特定任务。,2
描述HTTP和HTTPS协议之间的区别。,3
创建一个程序将数字列表分成两个相等的部分。,1
构建一份关于技术如何影响世界的演讲提纲。,1
为网站设计项目设计样式指南。,3
修改以下代码，加入“if-else”语句。,3
制定十个获得良好睡眠的小贴士。,1
感恩节游行的起源。,1
提取相关信息。,1
设计一个移动应用程序，提供财务素养教育。,3
泰坦尼克号沉没的年份是哪一年？,1
将对话分类为以下类别之一：1）下订单或取消订单；2）运输和交付；3）更改和退货；4）网站或应用程序的技术问题。,2
"按照对环境的总影响，对以下4种交通方式进行排名：
4. 空运
3. 铁路运输
2. 公路运输
1. 船运输",2
用符号逻辑解释给定的表达式。,3
设计可视化图表时面临的挑战,3
创作一个关于一只勇敢的狮子征服土地的故事。,1
写一个5到7行的故事，描述两个朋友去野餐的经历。,1
提供每晚获得良好睡眠的计划。,1
比较并对比姜和大蒜的药用。,3
9和10哪个数更大？,1
拍照很完美 (Pāizhào hěn wánměi),2
找到以下问题的答案。,1
比较美国和中国的教育系统。,3
我正在开发一个新的网络应用程序，帮助人们找到本地活动。发一条推文介绍一下。,2
说出一种常见的宠物动物。,1
制定一个教授儿童个人安全的协议。,1
创作一首关于季节的俳句。,1
按照涵盖的主题对以下博客文章进行分类：该博客文章涵盖了有关美中贸易战的最新消息。它涵盖了谈判的最新进展，涉及各方的意见以及对经济的潜在影响。,2
创建一个Python函数，根据流派对书籍进行分类。,1
确定以下图形的表面积。,1
解释以下技术的工作原理：机器学习。,3
分类三种编程语言：Java、C++、Python。,2
设计一个交互界面，帮助孩子熟悉美国各州。,3
生成形如“什么是/是什么[X]？”的问题。,3
列出演讲者在给定主题演讲中应涵盖的要点。,1
将以下节选中的人物分类为正义或邪恶？,1
编写一个控制五个交通信号灯的算法。,3
设计一张宣传新书的海报。,3
按票房高低顺序排列以下电影：复仇者联盟4：终局之战，阿凡达，狮子王，侏罗纪世界。,2
创建一个 SQL 查询，仅返回表中列名为“age”的值为12的条目。,3
使用适当的复数形式重写句子。,1
开发一个算法，平衡工厂两个人的工作量。,3
拿破仑·波拿巴如何上台。,1
构建一个矩阵，用于比较两种不同的产品。,3
设计一个移动应用，帮助人们更负责任地购物。,3
写一个四个词的短语，意思与习语“pull a fast one”相同。,2
翻译这篇1000字的英文段落成法语。,1
确定三个生物学报告的潜在主题。,1
用“明喻”这个修辞手法构造一个句子。,1
计算表达式 x2 - 3x + 5 在 x = 7 时的值。,2
减少空气污染的解决方案是什么？,1
算法偏见,3
提供活动的细节。,1
设计并布置一个儿童卧室。,3
编辑我的餐厅评论。,1
写一篇关于你读过的最新小说的评论。小说名为《刀锋战士》（George R.R. Martin）。,2
设计人工神经网络,3
写一个简短的论述，为以下观点辩护：应该禁止在学校出售垃圾食品。,2
价格和价值之间的区别如何描述？,3
写一个关于导游带游客参观一个闹鬼城堡的故事。,1
给定三个点A（2，4），B（-1，6）和C（-3，0），找出三角形ABC的面积。,2
提出三种提高深度学习算法效率的方法。,3
给定两个国家，比较它们的医疗保健系统。,3
小镇上的市长发现镇上的水快用完了。他开始寻找解决方案。最终，他找到了一种解决方案，让小镇的居民不再为水烦恼。,2
设计一个看起来像霍格沃茨的3D房屋。,3
根据以下标准策划一个新的播放列表：从不同的十年中选择8首浪漫歌曲。,2
比较GPT-2和GPT-3之间的差异。,3
设计一个教孩子们有关濒危动物的移动游戏。,3
你能预测未来三个月的股市表现吗？,1
评估帮助他人如何改变他们的生活。,1
木工常用工具是什么？,1
将10按照3:2的比例分割。,1
将以下诗歌归类为叙事诗或抒情诗。,1
比较低碳水化合物饮食和高碳水化合物饮食的影响。,3
创建一个 SQL 查询，以获取购买超过 $500 的商品的客户列表。,3
反对公司实施该政策的理由。,1
列出4个关于北极熊的事实。,1
设计一个可以用20张卡牌玩的双人游戏。,3
机器学习算法的常见用途是什么？,3
生成一个至少包含大写字母、数字和符号的复杂密码，长度为25个字符。,2
描述一个虚构的角色。,1
用“耳朵”和“瞳孔”这两个词来构思一个类比。,1
为智能手机设计一个创意的促销活动。,3
写一份500字的报告，总结文章：“英国脱欧对英国的影响”。,2
选出一个“镀金时代”（Gilded Age）的人物，并解释他们对这个时代的影响。,2
提供一个使用“幻想”这个词的例子。,1
插入一个新段落到这个文本中。,1
设计一个算法，用于在电子邮件列表中搜索重复的联系人条目。,3
基于以下数据，创建一个科学陈述：研究发现，在突变肽存在的情况下，表达的细胞比野生型肽更多。,2
根据以下输入，生成与医疗保健相关的标语。,1
比较汽车和自行车的特点。,3
将48液盎司转换为升。,1
为以下场景中的角色写一篇独白：在中世纪城堡里，一名骑士正在为战斗做准备。,2
列出五个与成功创业有关的提示。,1
解释古埃及人如何建造大金字塔。,1
为股票XYZ设计至少5条交易规则。,3
以下哪种投资策略主要关注于在市场中寻找被低估的股票或资产？,2
根据给定的主题，生成一组6个发人深省的问题：智商与成功的关系。,2
"分类以下句子文本：""生活充满了惊喜""",1
比较演奏乐器和运动的区别。,3
比较并对比两个短语：“strong willed”和“persistent”。,3
检查以下短语是否为良构公式：∃x P(x),2
编辑这段话以改善风格。输入：朝圣者是一群英国移民，旨在寻找宗教自由并远离英国教会的统治，他们乘坐五月花号船前往新世界。,2
描述GPT模型的工作原理。,3
编写 SQL 查询以选择在过去7天内注册的客户。,3
预测泰森·弗里和德安东尼·怀尔德之间即将到来的拳击比赛的获胜者。,2
内容创作的五个步骤是什么？,1
"求以下数字数组的平均值：[2, 5, 7, 9, 11]",2
创造一个有自己规则的棋盘游戏。,1
诊断以下情况中的根本问题：Martha 经常迟到上班，难以管理时间。,2
生成营销口号,1
评估所给文章并提供其中最重要的要点摘要。输入：关于适当营养的文章。,2
根据以下陈述，创建一个统计或数字来支持它：许多小企业由于当前的大流行病而面临困难。,2
写一个关于自由的中国谚语。,1
创作一个两个人之间的短剧本。,1
为新妈妈设计一种体验。,3
"在故事中，识别以下角色的类型。每种类型输出1-5。
1）主角；2）反派；3）配角；4）矛盾人物；5）其他",2
总结有关人工智能最新发展的新闻文章。,1
创建两个社交媒体帖子，强调给定产品的特点。产品名称：便携式充电宝。,2
识别三个常见的谚语。,1
选择下列句子中正确的动词：Rachel 和 Michael 已经约会了五个月。,2
生成一个正式的电子邮件主题行的示例。,1
比较氢和氦的性质。,3
"""很容易犯错，所以请不要感到尴尬。"" 请礼貌地重新表达这句话，以避免尴尬的局面。",2
比较研究论文和综述论文在同一主题上的区别。,3
制定新的实施计划，降低美国境内的交通价格。,1
写一篇关于冒险旅程的短篇故事。,1
创建一个算法来找到两个正整数的最大公约数。,3
他们已经做得很棒了。,1
为一名大一新生设计一个领英个人资料。,3
提供一个可以使用这句话的场景。,1
生成一个用于对数字列表进行排序的独特算法。,3
为一篇有说服力的文章创建一个提纲，阐述为什么人们不应该在开车时发短信。,2
构建两个角色之间的假想对话，其中一个角色想要了解更多神秘角色的信息，而另一个角色想要保持自己的身份秘密。,2
创建一个二元分类查询，确定给定文章是否谈论Covid-19。,2
分析每月销售数据。,1
如何在面试后写一封完美的感谢信。,1
描述财富不平等的概念,1
定义“精度召回平衡”这个术语。,1
设计一个有三个卧室和两个浴室的房屋平面图。,3
根据以下描述和颜色板自动生成设计。,3
编写一个对整数数组进行排序的算法。,3
撰写一个政策声明，明确定义特定的行为：办公室着装。,1
无家可归者在许多大城市的街头可以找到。简化句子，保持原意。,2
描述电脑工作原理，用8句话。,3
比较这两个物品并解释为什么一个比另一个更好。,3
总结Microsoft Access和Microsoft Excel之间的区别。,3
设计一封包含以下信息的电子邮件模板：,3
比较和对比法国和德国的两个政府。,3
解释彩虹的科学原理以及为什么彩虹是多彩的。,3
编写代码以显示从1到100的所有质数。,3
将以下句子改写为正式的写作风格：独立承包商为自己工作，而不是为公司工作。,2
比较垄断市场结构和完全竞争市场结构。,3
给以下文章提供反馈。这篇文章讨论了计算机编程对学生的重要性。计算机编程对学生的学习很重要。它可以开启新的理解方式，并为未来获得工作机会提供机会。学生在课堂环境中接触编码，这使他们能够找到解决困难问题的方法。,2
为一部恐怖电影写一份2-3句话的广告脚本。,1
英雄通常有崇高的目的，可以被视为勇敢或令人钦佩的榜样。简化此句。,2
打开一个网络浏览器，然后打开以下网站：www.example.com。,2
开发一个将摄氏温度转换为华氏温度的算法。,3
解释红外线和紫外线辐射的区别。,3
生成以下3个按钮的HTML代码：,3
我们决定继续执行这个决定的原因是因为我们认为这是我们公司最好的选择。,2
写一篇比较猫和狗的论文例子。,3
识别给定产品的原产国。,1
网络拓扑是什么？,3
计算以每件4美元的价格销售10件商品，每件商品成本为0.5美元所获得的利润。,2
比较苹果和橙子的特点。,3
生成一个句子，将两个新闻故事结合起来。政府宣布了一项新的气候变化政策，将为绿色能源生产商提供补贴。,2
食用过多糖会对健康产生什么影响？,1
"计算[2, 4, 5, 7, 8]的平均值。",2
预测来源称公司A的股票价格在接下来的10个交易日内要么保持不变，要么上涨。选择一个策略，以应对价格上涨或保持不变的情况。,2
描述无氧运动和有氧运动之间的区别。,3
比较和对比两种移动操作系统，例如Android和iOS。,3
创建四个原因列表，说明可再生能源对环境的重要性。,1
“to make a fool of oneself”的意思是什么？,2
关于全球合作在应对气候变化方面的重要性，发表一篇简短的演讲。,2
设计一个算法来比较两个字符串中的单词，并确定它们之间的相似度。,3
在<网站URL>上提交以下表格。,3
人工智能的应用越来越普及，范围从无人驾驶汽车到神经形态芯片计算。,2
制定一份适当的航行安全预防措施清单。,1
设计一个系统来跟踪客户的投诉和抱怨。,3
为准备即将到来的英国文学考试的学生建议最有帮助的学习习惯。,2
中国帝国最重要的经济成就是什么？,1
根据其身体特征对每种动物进行分类：鸽子，大猩猩，猎豹。,1
找出美国人口最多的十个城市。,1
比较中国和美国在互联网隐私监管方面的方法。,3
创建一个输入框，用于以下指令：创造一个句子来说明“金子般的心灵”这个表达。,2
比较两种不同品种的狗的行为。,3
跑 (pǎo),3
自然语言模型和GPT语言模型的区别。,3
氖元素中有多少个质子？,1
设计一个供孩子学习动物的游戏。,3
解释单式记账和复式记账系统的区别。,3
生成识别垃圾邮件的算法。,3
用三句话概括这篇文章：https://www.theatlantic.com/magazine/archive/2018/09/the-case-for-reparations/565718/,3
"""Bon Jovi的歌曲'It's My Life'是哪个十年发布的？""",2
创建使用公共交通的原因列表。,1
创造一个基于事实的陈述，关于这篇文章讨论公共和私人组织需要专注于保护数据隐私的需求。,2
写出提供的文本的简明摘要。,1
设计一个游戏来教孩子认识形状。,3
计算在以下股市情况下可以获得的最大利润。,1
选择最佳的机器学习算法定义。,3
"分类以下单词为名词、动词、形容词或副词，给出的选项中选择。
单词：Cautiously",2
反向工程以下代码，使输出为“奇数”。,3
为图书馆创建音响系统。,1
设计一个名为“MindLink Solutions”的新公司的标志。,3
全球各地的人们庆祝不同的习俗。 (Rewritten sentence),2
列出 Roth 401(k) 计划的一个主要优点。,2
回复客户：订单中缺少描述中承诺的商品，请您提供订单号和商品信息，我们会尽快为您处理。,2
比较和对比两个交互设计原则：美学可用性效应和用户控制与自由。,3
写一个在列表中搜索元素的算法。,3
特权是授予某些人而不授予其他人的权利。请解释为什么这个说法是正确的。,2
阅读说明，然后列出待办事项。,1
想象一下你正在创建一个在线销售服装的商店。为推出商店建议两种营销策略。,2
生成一个统计数据，比较在线购物和实体店购物的平均时间。,3
介绍一下UX设计师的角色。,3
预测未来的最佳方法是创造它。,1
写一个函数，接受两个整数作为参数，并返回较大的数字。,1
比较并对比亚当·斯密和卡尔·马克思的经济政策。,3
设计一个新闻订阅页面。,3
如果变量x为真，则编写if-else语句打印“Hello world”。,2
创作一个关于鹦鹉的故事。,1
创造一个失望的隐喻。,1
生成一个算法，以找到前25个偶数的总和。,3
两件商品每件12美元，不含税，总费用是多少？,1
当x = 5且y = 4时，计算表达式2x - 3y。,2
创建一个将值按偶数和奇数分类的算法。,3
把“was”替换成“were”来转换以下句子：狗听到声音时很开心。,2
"解释 JavaScript 中的 ""for"" 循环的目的。",2
将这段文本归类为以下三个主题之一：研究行星、太阳系外行星、近星轨道行星。,2
请求助手安排一个约会的时间。,1
计算机如何运行机器学习算法？,3
生成一个正确的Python程序，将给定单词中的所有字母向前移动两个字符。,2
创建一个注册表单的HTML代码。,3
生成一个关于COVID-19对食品行业影响的数据驱动研究报告。,2
写一篇250-300字的文章，总结两个古代文明之间的相似之处和不同之处。,2
根据给定的数据，创建一个分类模型来区分两组。输入数据描述了猫和狗的特征。,2
主要和次要来源有什么区别？,3
生成一个真实的约会个人资料简介。,1
评估网站设计。,3
全球经济受到了新冠疫情的影响。,1
创造几个短语，描述工作场所多样性的重要性。,1
修改以下代码，打印以字母'a'开头的单词数量。,3
根据世界卫生组织的一份新报告，青少年的心理健康状况正在下降，原因是社交媒体和科技使用增加。,2
设计应用程序标志,3
你对下棋感兴趣吗？（请用简洁的方式重新表述这个问题，使其可以用“是”或“否”回答）,2
"按字母顺序排列以下名字列表：John, Amanda, Maria, James。",2
设计一个模拟动物栖息地的程序。,3
"创建一个以字母""a""开头的三个动物的列表。",1
泰姬陵有什么文化意义？,1
如果时间不够，可以跳过介绍。顺便说一句，“By all means”可以插入到这个句子中。,2
编写一个Python函数，生成斐波那契数列，直到n个数字。,2
给一个考虑成为企业家的人提供建议。,1
给定一个句子和一个目标单词，生成另一个句子，该句子与原句具有相同的含义，但不包含目标单词。,2
设计一个跟踪个人体育锻炼计划进度的系统。,3
为以下代码创建一个单一样本测试案例。,3
设计一个涉及物理对象的游戏。,3
用五个形容词写一篇关于友谊的故事：忠诚、同情、辉煌、友善、乐观。,2
将这个句子转化为事实核查句子。,1
从世界银行数据库中检索印度2005年至2010年的失业率数据。,2
回答一个问题 - 印度的首都是什么？,1
创建一份宣传传单的设计。,3
描述主角的心情：他深夜步行回家，感到害怕和孤独。,1
应用微调以提高语言模型性能。写一段简短的段落，概括一篇学术论文的内容。,2
估算在纽约市五星级酒店住宿一晚的费用。,1
开发一个算法，以尽可能少的步骤解决魔方。,3
描述一种假设情况，即人工智能技术可以用于提高工作场所的安全性。,2
将以下物品'Acer笔记本电脑，飞利浦熨斗，LG冰箱'添加到购物清单中。,2
将以下书籍按照从旧到新的顺序排列：《愤怒的葡萄》、《杀死一只知更鸟》、《隐形人》、《1984》。,2
皇后乐队的《波西米亚狂想曲》：经典摇滚歌曲，包含多种音乐元素，情感丰富，旋律动人。,2
想象一种情况，你正在赶往一场重要会议，制定一个计划以确保准时到达。,2
重要善待他人。,1
在困难时期如何保持动力？我会想着自己的目标和未来，坚持不懈地努力。,2
生成一条新闻标题：NASA发现类地行星绕着半人马座恒星Proxima Centauri运行。,2
批判性分析设计思维的六个核心原则。,3
设计一个人工智能助手，可以帮助学生完成各种学术任务。,3
比较下面两段给定的散文，解释它们之间的主要区别。,3
生成一条推文以增加读者参与度。树木是我们生态系统的重要组成部分，它们为我们提供氧气、阴凉和动物的栖息地。,2
删除以下文本的最后两段。,1
生成一个包含10个项目的清单，这些项目应该在紧急情况下为生活在沙漠气候中的人提供帮助。,2
根据对话，创建一个需要肯定或否定回答的问题。,1
比较和对比两种监督式机器学习。,3
告诉我自主系统的优缺点。,1
比较文本编辑器和集成开发环境（IDE）的优缺点。,3
原子和分子有什么区别？,3
这款新的苹果智能手表附带六个月免费使用苹果手表音乐流媒体服务，能够帮助客户享受更好的音乐体验。,2
比较关系型数据库和非关系型数据库。,3
"找到以下数组的第四个元素：[1, 2, 3, 4, 5]",2
解释人口和样本之间的主要区别。,3
为遵循纯素饮食的人设计一份餐计划。,3
生成一个比较两个相关概念的类比。,3
"行指示：
行星为什么是圆的？",1
解释并行计算原理。,3
使用编程语言解释尾递归的概念。,3
为六年级学生设计一个逻辑谜题。,3
识别以下团队的协作风格 - 每个团队成员都在自己的任务上工作，但为整个项目做出贡献。,2
使用“协作”，“创新”，“技术”和“策略”这些词构建一个句子。,2
描述一种不同的煎饼食用方式。,1
当客户出示正确的身份证明时，程序将开始运行。,3
编写一个设计棋盘的函数。,3
生成不超过30个单词的给定文本摘要。,1
为一个以能源效率为基础的网站设计一个标志。,3
写一封介绍信给潜在雇主。输入：我叫约翰·史密斯，我想申请软件工程师实习。,2
创造一个10个字的标签，描述由于快速森林砍伐对动物的威胁。,2
构建一个比喻，比较“主人”和“仆人”的术语。,3
"辨认以下句子中的同音词：""The man with his desk ate a steak""。",2
比较医疗账单和信用卡债务。,3
输出给定日期（格式为MM/DD/YYYY）的星期几名称。,2
制作蛋糕的步骤清单。,1
编写一个计算球体体积的代码。,3
交换给定数组中的两个元素的代码。,3
在以下句子中，至少识别出5种不同的情绪：他看到惊喜时高兴地笑了。,2
如果人工智能变得更加先进和普及，为人类创造一个可能的未来。,2
写这个故事的结局。,1
找出反驳或证明给定陈述不正确的句子。,3
创建一个能够玩井字游戏的计算机算法。,3
创建一个19世纪最有影响力的五位作家列表。,1
"将以下句子分类为“过去式”和“现在式”。
- 我看过电影（过去式）
- 我正在看电影（现在式）",2
生成一个词根及其相关形式的示例,1
写下三个形容词来描述一天。,1
推荐一本适合14岁的著名小说。,1
解释偶数和奇数之间的区别。,3
科学理论和科学定律的区别。,3
如何增强自信心？,1
找出句子中的主语和动词：“Jack和他的朋友们在踢足球。”,2
列出一个矿物质的两个特性。,1
我们决定向我们的新客户提供学生贷款套餐。描述学生贷款套餐。,2
确定以下段落的主要思想：公司今天成功的驱动力是它们在不断变化的环境中具有创新和适应能力。,2
写一篇关于全球变暖的300字文章。,1
建议一个适合客户分群任务的机器学习算法。,3
请在空格处插入适当的代词：“John ______ 喜欢踢足球”。,2
为一个网页应用程序提出五个最重要的设计原则。,3
确定最佳投资选项。,1
解释化学方程式：2H2O2 -> 2H2O + O2,2
分类威斯敏斯特教堂的最老成员。,1
创作一个简短的故事，概括主要内容。主人公是一个年轻的女孩，生活在农场上。她热爱自己的生活和家人，对日常琐事感到满足。,2
基于《拥有者》（The Giver）一书，创作一部电影描述。,2
提供一个证据，解释为什么以下代码是不正确的。,3
写一个不超过100个字的短篇故事，其中包括一个遇到过外国土地的角色。,2
给定一个字符串，找到使其成为回文所需的最小删除次数。,1
给定食材清单，列出准备菜肴所需的步骤。,1
设计一个仪表盘显示未来5天的天气预报。,3
这个陈述是否可以被视为有效的三段论？所有的鸡都是哺乳动物，鸟类不是哺乳动物，因此所有的鸟都是鸡。,2
普通食盐的化学名称是什么？,1
吉姆去商店买了鸡蛋。,1
用隐喻的方式写一个句子，将海洋比作一条毯子。,1
"根据数据，预测接下来24小时每小时的温度。输入数据如下：
2PM 3°C
4PM 10°C
6PM 15°C
8PM 17°C
10PM 16°C
12AM 12°C
2AM 10°C。",2
找出通过点（-1，3）且垂直于直线y = 4x + 9的射线方程。,2
根据这些事实，描述一个人的特点。输入：他负责、认真和有条理。,2
砂粒大小的特征对性能的重要性进行解释。,1
编写一个程序，将华氏温度转换为摄氏温度。,1
为一个社交媒体平台制作广告，该平台是一个基于浏览器的游戏。,2
简化分数4/10。,3
给定一个段落，重写该段落，不重复使用原始段落中的任何单词。,2
生成一个随机密码，要求包含大写字母、小写字母和数字。,1
设计一个控制无人机使用的程序。,3
创建一个GPT模型的任务。,1
编写代码以匹配以下输出。,3
按平均寿命从长到短对下面的动物进行排序：乌龟，老虎，大象。,2
从给定的句子中创建一个填空题：Tom是学校里受欢迎的学生。,2
用自己的话解释算法的概念。,3
写一个 SQL 数据库的查询。,3
计算底边边长为8厘米，高为12厘米的金字塔的表面积。,1
将该句子转化为与主题相关的问题。谷歌使用机器学习来分析数据。,2
为公司提出一个新产品的想法。,1
想象一下你必须搬到一个有不同文化的新城市，你在搬家前应该考虑哪5个文化元素？,2
总结以下故事：老人和他的孙子孙女一起生活。有一天，老人收到一封信，告诉他他的孩子们多年前为了寻找更好的生活而离开，现在住在一个大城市里。老人决定前往城市寻找他的孩子们。,2
拼出给定字母以形成一个算法。,3
编写一个算法来实现二叉搜索树。,3
设计一个有5种不同颜色的被子。,3
识别不同类型的政府资助社会安全网计划。,1
确定给定单词的词性。,1
解决这个代数方程3x + 7 = 12的三个步骤。,2
机器人在制造业操作中的使用重要性有三个原因。,1
找出这个句子中的错误：我打开了未锁定的门。,1
计算以下表达式：10 + 6 * 7 - 58,2
节约能源的方法。,1
预测“groomed”这个词的词性，给定这个句子：他把小狗梳理得干干净净。,2
"重新排列以下单词以创建有意义的句子：""amazing the happened was what""。",2
找到一种加密算法的例子。,3
讲一个关于Sophia和Kristie在雨中散步的创意故事。,2
概述牛顿普遍引力定律的基本原理。,3
找出两段文本之间的不同。,1
不使用乘法运算符，解释一种算法来相乘两个整数。,3
写一条“祝你好运”的信息，以回应即将到来的考试。,1
概述一种新的技术。,1
找出不属于这些单词的单词：Stir，Pressure，Jump。,2
创建一个家居装修商店的网站。,1
用不到100个字概括文章，保留主要思想。该文章介绍了埃博拉病毒的发现和特征，该病毒是人类已知最致命的病毒之一，主要分布在非洲中部和西部地区，症状包括发热、头痛、疲劳、肌肉疼痛、喉咙痛、呕吐、皮疹和出血等，如果不及时治疗，可能会导致死亡。致死率不同，但最高可达90%。,2
2020年第二季度苹果公司的表现如何？,1
根据客户的偏好和预算，在目的地里约热内卢建议3家符合客户偏好的酒店。,2
生成一个if-else语句，包含以下条件：如果温度大于25度，打印“外面很热”，否则打印“温度舒适”。,2
描述排序算法的目的。,3
为Jane创作一句警句。,1
"按照词性分组：形容词 - Strong, long；名词 - apple。",2
设计一个自动聊天机器人来帮助客户解答与产品相关的问题。,3
矫正句子的标点和大写：The cat sat on the mat.,2
今天我去了公园。天气很好。那里有很多人。请编辑这段话，让它更有趣。,2
去掉以下句子中的错位修饰语：,1
使用替换密码创建加密代码。,3
比较学生和父母的生活方式。,3
"将以下数组的元素顺序反转：[1, 2, 3, 4, 5]",2
列出夏季完美露营之旅的物品清单。,1
全球气温正在上升，因此气候变化变得越来越严重。请重新写出这个句子，不使用单词“因此”。,2
逆向工程这段代码以处理给定的输入。,3
解释面部识别技术的工作原理。,3
创建一个算法，找到给定数组中最长的连续递增子数组。,3
她是一位出色的厨师，烹饪是她的热情，她喜欢尝试新的食材。重写成一句简单的句子。,2
从以下句子中选择最佳预测，给定输入“我的假期在________。”,2
牙膏广告口号,1
给定以下代码字符串，写一个注释描述正在进行的操作。,3
设计一个编码练习，测试面向对象编程的基本理解。,3
编辑句子以使其更简洁：“这件新事情引起了很多人的担忧。”,1
设计数独求解算法,3
按照医疗保健质量对以下城市进行排名：东京，阿姆斯特丹，莫斯科。,2
写一个关于旅行推销员访问小镇的故事。,1
撰写一条不超过280个字符的推文，介绍由于疫情而在职场中发生的数字化转型。,2
比较民主和独裁。,3
生成一个标题，使用以下给定的词：月球，探索。,1
描述什么是强大的友谊。,1
为绿色倡议撰写口号。,1
设计一个在线银行网站的用户界面。,3
将给定的输入分类为3个不同的类别。,1
"三角形的面积是多少，顶点分别为（0,0），（6,0）和（3,7）？",2
计算表达式4+2*3。,3
写一个C代码来求解二次方程。,3
比较产品A和产品B，列出优缺点。,3
写一篇300字的文章，总结人工智能的好处。,1
世界上第二大的国家是什么？,1
列出太阳能的优缺点。,1
将以下句子（1至5）排列成一个逻辑结构：,3
描述原核细胞和真核细胞之间的区别。,3
比较和对比功利主义和康德主义的哲学。,3
比较以下两个主题：人工智能和机器学习。,3
告诉我民事诉讼和刑事诉讼的区别。,3
全球气温上升，原因是人类活动，如燃烧煤炭以产生能源、森林砍伐和其他污染源。,2
生成两个有趣的对话行，用于故事中两个陌生人在咖啡馆外的下午迟到的情况下的对话。,2
"给定互联网域名""https://abc.com""，生成页面""about""的完整URL。",2
用连字符连接句子中的单词：The-dog-ran-through-the-field,2
考虑以下句子：“我出生在美国”。提供“born”这个词的词性。,2
列出成功领导所需的重要素质。,1
总结这组事实：Phillip有10本书，其中5本是平装书，5本是精装书。,2
解释实体识别算法的目的。,3
开始编程的命令句。,1
设计一个机器学习系统的工作流程，用于分析社交媒体上的客户情感。,3
编写一个象棋程序的伪代码指令集。,3
从以下类别中选择一个动作，分别是运动、职业和烹饪，将这些动作组合成一个句子。,2
用提供的词语生成一个 Mad Lib。输入：马、火鸡、帆船。,2
比较小苏打和泡打粉的物理和化学特性。,3
比较和对比社会主义和共产主义。,3
为以下网站提供一个标题：为独立小企业主提供实用信息、建议和支持的资源。,2
描述一个幽默的笑话，干净并适合孩子们。,1
用什么算法来解决这个问题？,3
构建一个逻辑方程式来解决以下问题：如果下雨了，你应该带一把伞。,3
列出使城市伟大的5件事。,1
编写一个Jquery脚本，隐藏所有具有“hide-this”类的HTML元素。,2
为儿童保育中心设计标志。,3
可变对象和不可变对象有什么区别？,3
为一篇关于发展自己的业务的博客文章创建一个引人注目的标题。,2
孩子应该在什么年龄才能开设社交媒体账户？,1
撰写安全策略，概述安全密码的正确使用。,1
描述违背承诺的后果。,1
写一个新的结尾来完成这个句子：“天空被涂上了明亮的橙色和粉色。”,2
列出5个好设计的原则。,3
写一段简短的介绍，概括以下文章的主题：全球建筑行业不安全工作条件导致的伤害数量不断增加。,2
精调逻辑回归模型。,3
写一篇关于这个产品的评论。这个产品是一个移动应用程序，帮助人们计划他们的饮食和饮食。,2
想一个惩罚措施，用于惩罚在课堂上行为不当的孩子。,1
描述《饥饿游戏》中的主要角色。,1
阐述无监督学习和监督学习的区别。,3
把这两句话合并，保持相同的意思。火车已经晚了，外面下着倾盆大雨。,2
生成自动客服助手的功能列表。,1
描述雨的声音。,1
英国的大致人口是多少？,1
"约翰做晚餐。 (This is the original input, not the past tense rewrite)",2
为一款移动应用程序生成用户界面设计，帮助人们跟踪他们的日常任务和待办事项。,3
创建一个时间轴，展示1950年至2000年计算机科学的发展。,2
为了在比赛中发挥最佳水平，团队一直在不懈地练习。,1
"将以下字符串转换为大写字母：""Hello, my name is Bob""。",2
对以下陈述生成一个讽刺性的回应：“我是球队中最好的篮球运动员。”,2
选择一部现有的文学作品，并解释如果某个关键事件没有发生会发生什么。输入：故事是约翰·格林（John Green）的《星星之火》。,2
编辑句子，使其更简洁：“画廊非常美丽，展示了来自世界各地的艺术品”。,2
鉴于政府通过的新法律似乎侵犯了公民自由，引起了很多争议，请确定作者的观点。,2
追溯英语的起源,1
将50英里/小时转换为米/秒。,3
设计一个场景，使两台机器可以自主协作。,3
举三个科技革命了通讯的例子。,1
使用以下工具，决定哪个最有效地处理堵塞的排水管道：橡皮泵，排水蛇或醋和小苏打。,2
解释区块链在数据安全中的实用性。,1
写一个关于“自然语言处理”的定义。,1
以加菲猫的风格生成一张漫画，加菲猫正在和一只兔子交谈。,1
云计算是一种新兴技术，允许企业在托管在互联网上的服务器上存储和管理数据和应用程序。简化句子。,2
将整数数组转换为二叉树的代码。,3
写一篇关于本书章节的原创摘要。该章节讨论了一种基于领域模型自动生成程序的在线自然语言交互系统评估方法。重点关注自动生成正确评估测试和提供有意义的分数来评估自然语言理解和对话管理性能的关键问题。,2
线性回归和逻辑回归有什么区别？,3
为以下新闻文章生成一个合适的标题：爱达荷州一家四口自被驱逐出家门两周以来一直住在帐篷里。尽管他们已经申请了政府援助，但他们仍在等待帮助，并尽力应对。,2
设计一个品牌标志，用于销售复古服装。,3
根据芬兰社会研究所的最新研究，年轻人的幸福感越来越受到他们对经济安全的感知影响。,2
创造一个有趣、幽默、原创的笑话，符合以下情境：一个男人走进酒吧并点了一杯饮料。,2
机器学习算法在文本分析中使用的一个缺点是什么？,3
创建一个与欧洲国家人口有关的示例数据集。,1
为一家专门提供旅游服务的公司设计一个口号。,3
创建一个新闻文章标题，讨论减少空气污染的计划。,1
想一个俚语来代替“努力工作”的短语。,1
提供一种独特的策略，以提高电子商务店铺的销售效率。,1
为一篇关于美国医疗保健系统历史的研究论文撰写一份论文声明。,2
把以下单词按字母顺序排列：Elephant，Clock，Dog。,2
比较“市场”和“商场”的概念。,3
描述一个假想的商业机会。,1
"把以下食材切成一半：
1磅熏肉
2杯重奶油
6个大鸡蛋
2汤匙黄油",2
写一篇关于宠物动物的分类文章。,1
将列表中的项目分为两类。,1
演员们都记住了他们的台词，但是要修改这句话，使动词与主语一致。,2
在PostgreSQL中编写查询，列出在特定月份有订单的客户。,2
转换段落为独白。2022年FIFA世界杯计划是FIFA世界杯比赛的第22届，这是由FIFA成员协会的高级国家队争夺的四年一届的国际男子足球锦标赛。它计划于2022年11月20日至12月18日在卡塔尔举行。这将是阿拉伯世界首次举办世界杯，也是继2002年韩国和日本联合举办的世界杯后，第二次完全在亚洲举办的世界杯。,2
说明向量和矩阵之间的区别。,3
快速排序算法的操作概述,3
计算变化率。输入：某商品价格在一个月内从20美元涨到25美元。,2
确定插入排序算法的时间复杂度。,3
总结J.D. Salinger的书《麦田里的守望者》的评论。,2
比较珊瑚礁和热带雨林的区别。,3
科技对教育的影响。,1
描述一个能够增加员工参与度的系统。,1
早上好,1
给定一个数字，找到两个相加等于该数字的质数。,1
识别一个机器学习算法的例子。,3
创造一个创新产品来解决当前的问题：人们没有足够的时间管理他们的财务。,2
设计自然语言处理算法,3
计算7乘以5。,1
选择两个给定的主题，并写一段讨论它们之间的相似之处。主题包括物联网、人工智能和区块链技术。,2
输出这个句子暗示了John和Jessica之间的情感是积极的、消极的还是中立的。,2
约翰有很多现金，请使用比例子中使用的更正式的短语重写该句子。,2
现代家用电脑和量子计算机之间的区别如何解释？,3
写一段关于[苹果公司]最近事件的更新。,3
比较太阳能和化石燃料的好处。,3
描述全球气候变化的影响。,1
节省金钱的策略：设定长期目标、跟踪支出、制定预算、避免冲动购买、投资高回报机会。,2
计算通过一项包含15个问题的测试所需的最低分数，及及格分数为80%。,2
总结以下研究的主要结论：营养干预计划对当地学校儿童产生了积极影响。,2
证明1+2+3+4+5等于15。,3
将以下单词列表分成两组：螃蟹，老虎，熊，大象。,1
减少大城市污染的方法。,1
夏天，大厦周围的地区很美丽。[用方括号重写句子以使其更清晰。],2
将粗体字替换为更正式的词汇，以使以下句子更正式：这个看起来不错，但似乎有点廉价。,2
命名植物细胞中的专门细胞器。,1
计算以下表达式：8 x (5 + 7)。,3
输入一个带有标签 #FridayNightFeels 的病毒推文,2
这项任务要求您提供一篇浪漫故事的标题和开头段落，尽管输入是他很富有、傲慢自大，而她讨厌他。,2
用一句话概括以下段落：互联网已成为日常生活中不可或缺的一部分，让我们能够与朋友和家人保持联系，同时也能够访问大量的信息。,2
用一条推文总结以下段落：人类通常被视为地球上最强大的物种，但许多人并没有考虑他们对世界的真正影响。人类的行为导致了森林砍伐、污染，并破坏了生态系统的自然平衡。,2
从此字符串中删除所有HTML元素。,1
创建一个图表，比较使用各种基于网络的学习系统的优缺点。,3
我写 (wǒ xiě),3
创建一个包含五个主题的列表，这些主题应该在制定下一年度销售策略时考虑到。,2
我们需要重新表述这句话以避免重复使用单词：“我们需要制定一个计划”。,2
病毒和蠕虫有什么区别？,3
"给定以下数据[1,2,3,4,5]，输出数据的总和和乘积。",2
制作一张比较在线和传统高等教育优缺点的图表。,3
量子计算与经典计算的区别。,3
列出龙卷风和飓风的主要区别。,3
创建一个电子商务网站的产品特点清单。,1
创建一个包含单词“睡觉”、“洗澡”、“电影”和“阅读”的宾果卡。,2
我 - 要 - 关 - 闭。,1
重构缺失的句子。笑容每分钟大约可以燃烧两卡路里。并且[缺失的句子],2
我必须很快去商店。,1
公司如何确保客户满意？,1
生成一封工作接受信的电子邮件主题。,1
设计一个停车系统,3
"把句子""It's been a long day""翻译成日语。",2
创建一个将整数转换为字符串的算法。,3
计算加州一名年薪为75000美元的员工的税率。,1
为初学者设计一个室内锻炼计划。,3
高胆固醇水平的后果。,1
构建一个潜在的攻击向量，利用 SQL 注入漏洞。,3
比较Python与其他编程语言（如Java）的优势。,3
找到一个创造性的方法来解决以下问题：共享办公空间的人太多，总是很吵很分散注意力。,2
根据提供的数据，基于信息创作一个故事。输入：Jack | 年龄 | 9岁；Jack | 家乡 | 纽约市；Jack | 爱好 | 组装模型飞机。,2
说明这是何种疾病，它是一种可以由细菌或病毒引起的传染病，症状包括发热、咳嗽、呼吸急促和疲劳。,2
为一篇关于如何省钱购物的博客文章生成一个创意且符合品牌的标题。,2
"找出以下句子中最长的单词：""Sophie was very happy to receive a surprise in the mail.""",2
给定一组5个数字，写出一个方程式，使用这5个数字相加得到16。,2
插入一个修辞问句，让句子更有感情。,1
用俳句格式写一首5-7-5音节的诗,1
列出三种常见的海洋动物。,1
生成一个包含6-7个问题的列表，让人们自问是否适合自己的职业。,2
找出数字95的百分比。,1
介绍一个对于新手来说快速简单入门编程的方法。,1
解释骨折的并发症。,1
把以下数字分成两组：3、5、7、11。,1
根据美国旧金山市的人口数据集，创建一个直方图，显示人口按年龄分布的情况。,2
列出5个需要解决的全球问题。,1
为初学者创建一个关于网络的10分钟演示大纲。,1
用提供的单词正确形式构造一个句子：Glamour encompass.,2
重写以下句子，使其更流畅：我逃跑了，这样怪物就抓不到我了。,2
创建一个度量标准来评估电影推荐系统的性能。,1
定性研究和定量研究有什么区别？,3
写一个关于“成为朋友的竞争对手”的主题的10到15句话的故事。,2
描述2009年美国烟草立法修正案的努力。,1
比较和对比电影《复仇者联盟》中的两个角色：美国队长和钢铁侠。,3
想象一种情景，海龟和青蛙生活在一起。描述这两种物种的生活环境。,2
使用给定的纸张、胶水、剪刀和马克笔，从零开始制作一个玩具。,2
比较第一次世界大战和第二次世界大战的持续时间和伤亡人数。,3
编辑以下文本并提供一个逻辑段落。,3
针对业务问题，创建一个待办清单，列出成功解决问题所需的步骤。,2
创建一个MySQL查询，选择`customer`表中的所有数据。,2
设计一个算法，可以预测给定公司的股票价格。,3
请根据以下实体“兰博基尼Aventador”，创建一个请求URL。,2
生成一个约会谈话主题列表。,1
解释URL和域名之间的区别。,3
创建一个代码，生成一个从1到100的数字数组。,3
创建一个数据表，比较亚利桑那州和内布拉斯加州房屋的平均价格。,3
用Python创建一个脚本，从REST API中提取数据并将其存储在pandas DataFrame中。,2
核反应堆是什么？,1
描述在《哈利·波特与魔法石》故事中，哈利·波特这个角色发生了什么变化。,2
推断以下句子的隐含意思。,1
咖啡机产品的最相关的10个特点：自动关机、无BPA、可编程冲泡时间、12杯容量、暂停倒出功能、可拆卸滴水托盘、水过滤系统、数字时钟显示、延迟启动、冲泡强度控制。,2
生成一篇关于COVID-19对社会和心理影响的文章标题和简要摘要。,2
命名一个常用产品中使用的化合物。,1
准备徒步旅行物品清单。,1
为新高中举行了奠基仪式。市长史蒂夫·布朗发表了讲话，感谢大家支持学校，并谈到了该项目对城市的重要性。,2
找出给定段落中的五个问题。,1
为电影《冰雪奇缘》撰写影评，表达你的观点并给出1-10分的评分。,2
改写以下句子以使其语法正确：“这幅画是一位穿着白色裙子的女士。”,2
生成10个与工作相关的好面试问题，要求涉及创造性解决问题和项目管理经验。,2
把以下文本分成三段。,1
设计一份调查问卷，收集顾客对产品质量的反馈。,3
创建一个简短的句子描述黄色。,1
每天制定减压计划。,1
设计一个算法来计算圆的面积。,3
写一篇关于毕业班同学的演讲，讲述他们的努力将会得到回报。,1
修改以下句子以使其更清晰：从商店买了一台笔记本电脑，价格很优惠。,2
“现实比小说更奇怪”的意思是什么？”,1
给定一个Python程序，找出程序中的错误并提出更正建议。,2
比较人工智能和人类的能力。,3
写HTML代码以创建一个按钮，该按钮链接到特定页面。,3
根据条件得出逻辑结论。条件1：外面的温度非常热。条件2：预计很快会有大雨。,3
将以下摄氏度温度转换为华氏度，并将答案四舍五入到两位小数。,2
根据内容对这篇博客文章进行分类。,1
生成五个新的假日庆祝活动的不寻常的想法。,1
k-means和层次聚类之间有什么区别？,3
解释光电效应的概念。,1
在以下程序中添加一行代码，打印出3和4的乘积。,3
列出应急汽车工具包中应包含的几件物品。,1
亚马逊于1994年推出了数字市场，创造了一个让顾客可以轻松在线购买商品的环境。,2
比较React Native和Flutter的特点。,3
列出三个可行的步骤来组织公司野餐。,1
用Python创建一个表示银行账户的类。,1
创作一个故事，背景设定在荒岛上。,1
关于加入学校社团，给新生提供建议。,1
给定一个唯一字符串列表，找到最长的字符串。,1
孩子们见到圣诞老人非常兴奋。重写句子，用适合句子意思的短语替换斜体短语。输出新句子。,2
描述大象的外貌。,1
讨论以下短语的意义：“需要一个村庄”。,1
写出以下文章的结论。该研究调查了教育干预对减少青少年物质使用的影响。研究发现，接受干预的青少年使用香烟、大麻和酒精的可能性显著降低。然而，其他药物没有显著差异。男女之间以及不同社会经济地位之间也没有差异。,2
解释为什么React是构建用户界面的流行JavaScript库。,2
想象一下你正在向一大群人做演讲，为你的演讲创造一个引人注目的开场白。,2
"分类以下单词：[""海豚"", ""树"", ""狗"", ""花""]",2
创建一个在线零售商店网站的模型。,1
总结珠穆朗玛峰的位置。,1
列出10个数学术语及其含义。,1
量子计算背后的科学原理是什么？,3
使用K-Means聚类算法将以下数据点分为两个簇。,3
设计一个假设实验。,3
压力可能是睡眠不足的一个可能原因。,1
比较语音样本，输出哪一个音调更高，哪一个音调更低。,3
比较磁力和重力的特征。,3
给定一个句子，列出所有形容词：“在派对上的美丽女孩微笑了。”,2
解释什么是监督学习以及为什么它很重要。,1
查找给定单词并提供其定义。,1
优化给定代码。,3
智能电视，例如。,1
复制以下数字模式。,1
列出五大洲中的三个。,1
优化给定代码以提高性能。,3
从这篇文章中创建一个200字的文本摘要。苹果今天宣布了一项重大活动，届时他们将推出一系列新产品。据说这个活动将包括Mac电脑、iPad和Apple Watch。除了硬件方面的公告外，公司还传言将推出一项新服务，将人工智能和机器学习融合在一起。这项服务旨在使使用他们的产品更加容易。,2
评估这篇博客文章作为一篇写作的质量。,1
描述暖色和冷色之间的区别。输出不超过50个单词。,3
解释编程语言和软件之间的区别。,3
将手绘的房屋图转换为数字图。,1
列出人们在经历成功时感受到的五种情绪。,1
对于以下电子邮件，什么是适当的回应：“我有一张额外的演出门票，你想来吗？”,2
给我一个句子，说明悬垂修饰语的用法。,1
设计给定产品的前端用户界面。,3
冰箱应该有哪些功能？,1
用Python编写一个函数来反转字符串。,1
输入：I feel so frustrated right now,2
按字母顺序排列以下单词：clown，jump，zipper。,2
按得分排列以下篮球球员：迈克尔·乔丹，勒布朗·詹姆斯，科比·布莱恩特。,2
制作炒鸡蛋的算法,3
用不到50个字总结以下文章。移民问题日益严重，因为想进入美国寻求更好生活的人数不断增加。移民一直是争议和辩论的焦点，对移民的利弊意见不一。尽管世界各地的人口迁移很常见，但美国移民辩论的现状升级并变得分裂。,2
解释光合作用和呼吸作用的区别。,3
写一个短故事，描述选定的短语。,1
提供一个人工通用智能的例子。,1
提出一个实验来衡量一种新广告宣传对一种即食冰淇淋品牌的有效性。,2
重力：用简单的话解释一个科学现象。,1
保持办公桌整洁的三个提示是什么？,1
许多研究探讨了电视观看对儿童行为的影响。简化后：研究探讨电视观看对儿童行为的影响。,2
写一封150字的简短邮件，感谢你的现任老板为你提供成长机会。,2
细胞是按其形状和大小以及其生化过程的相对复杂性和遗传内容进行分类的。,2
设计电影《黑客帝国》的电影海报。,3
研究各种动物的学名,1
分析这篇新闻报道并解释结果。根据可持续社会政策研究所的一项研究，德国注册失业人数从二月到四月增加了42%。,2
在句子中，确定单词“abstract”的词性：“抽象的概念很难定义。”,2
设计一个12英尺乘10英尺的花园布局。,3
生成一个用户可以向聊天机器人询问有关家庭保险的问题的列表。,2
设计一个餐饮计划系统。,3
解释为什么技术在商业中很重要。,1
创建一个能够识别药物相互作用的预测算法。,3
近年来在医疗领域进行了大量投资，促进了医疗技术和药物的进步，提高了对各种疾病的治疗和治愈。,2
描述艺术家和插画师之间的区别。,3
总结电影《玩具总动员》,1
歌曲《百万梦想》的歌词主题是讲述无数梦想让人充满期待和憧憬。,2
写一篇博客文章，解释为什么设计一个人工智能助手很重要。,3
根据数据集，总结关键见解。数据集包含有关参观博物馆的人口构成信息，按访问者类型分解。,2
写一个名为“isCapital”的函数，它接受一个单字符并返回一个布尔值，指示该字符是否为大写字母。,2
生成一个可能的五个物品清单，这些物品可能会被打包用于一整天的徒步旅行。,2
技术对教育的影响文章摘要,1
房子是我父亲建造的。,1
将给定的帖子归类为新闻文章或博客。输入：这篇来自国家地理的帖子谈论了气候变化对北极的影响。,2
找出以下句子中的比较级：The river runs faster than the mountain goat scales it.,3
列出手机的5个重要特点。,1
创作一首夏夜四行诗。,1
告诉我一个可以用来调情的挑逗性短语。,1
比较和对比两本书中隐喻的使用。,3
科学家可能会如何解释细胞分裂的概念。,1
生成一个算法，用于计算一个国家内所使用的不同语言数量。,3
想出一个创意的方法来利用剩下的一罐汤。,1
设计公司标志,3
按照它们的家族分类给定的物品。,1
生成一个计算到五的算法。,3
比较和对比1950年代和今天的家庭生活。,3
生成一篇至少500字的文章，支持对人工智能进行监管。,1
预测模型将生成什么类型的输出。,1
提名三位可能的候选人加入由五名成员组成的谷歌技术咨询委员会。,2
找出这组数的第一四分位数：8、10、10、11、11、13,2
头脑风暴5个独特的商业创意。,1
她是我的朋友，所以她可以和我一起住。请使用代词重写此句子。,2
职场多元化如何促进创新？,1
设计一个创意的方式来结束一个故事。,3
比较细菌和真菌在有机物分解中的作用。,3
帮助客户决定是否继续购买。客户正在考虑为大学购买新笔记本电脑。,2
调试Python程序的正确步骤顺序是：恢复旧代码，运行测试，检查日志，调查问题，重现问题。,3
为什么情况发生了变化？（情况：最近某个地区的降雨量减少了。）,2
说出Pi的前10个数字。,1
标题和三句话描述故事：一只猫和一只狗是最好的朋友，他们一起去冒险。,2
创建一个 SQL 查询，显示名为“employees”的表中的所有字段。,3
生成在纽约可以进行的所有户外活动的全面清单。,1
COVID-19疫情带来了许多经济挑战，其中之一是在线平台和服务的需求增加，这些平台和服务是社区进行业务和保持安全所需的。随着越来越多的人远程工作和学习，许多企业现在提供了他们以前没有提供的服务。,2
生成火山和地震的比较。,3
提供两个原因，说明为什么基于数据的决策通常比仅凭直觉的决策更好。,2
比较和对比监督学习和无监督学习的区别。,3
"翻转这个数组：[1, 2, 3, 4, 5]",2
将这句话按照芝加哥风格的引文和参考文献格式进行排版：“1901年4月4日是特迪·罗斯福的第一次总统就职典礼的日期”。,2
识别可能对企业产生负面影响的三个因素。,1
比较印度和巴西这两个国家。,3
创建一个关于以下主题的案例研究，重点关注使用机器学习的优缺点。,2
通过电子邮件与三个你从未见过的人安排会议。人员：John、Jenny和Chris。,2
设计新的健身计划。,3
"找出数字集合{4, 10, 8, 11, 1}的中位数。",2
列举两种情况，一个人可能故意滥用法律制度以谋求自己的利益。,2
设计一个算法来确定一个给定的数字是否为质数。,3
请评价XYZ公司提供的客户服务。,1
交通信号灯有助于保持交通安全畅通。请将该句重写为表达强烈观点而非事实的形式。,2
请简要回答以下问题：为什么市场上的商品价格比互联网上的价格高？,2
设计一个实验来确定面包从烤箱中取出后需要多长时间才能冷却。,3
找一个句子来结束关于全球变暖原因的演讲。,1
练习写作的最佳方法是每天写一点，尝试不同的主题和风格，然后寻求反馈并进行修正。,2
创建一个包含5个在线资源的列表，这些资源包含帮助人们戒烟的信息。,2
世界卫生组织对加工食品的看法是什么？,1
设计一个在线订购披萨流程图。,3
编写伪代码，可以检测给定的句子是积极的还是消极的。,3
设计一份调查问卷，以确定给定产品的客户满意度。,3
需要去商店吗？,1
比较以下两个物品并告诉我哪个更重：,3
创作一个涉及龙的儿童故事的标题。,1
描述一个量子计算算法,3
她明天之前必须完成工作。尝试使用不同的语法结构重新表述该句子，同时保持相同的意思。,2
在段落中找到“城市的人民”的例子。,1
请在内容、语法和可读性方面将文章“商业计划的重要性”评分1到5。,2
设计一张海报，传达及时了解当前事件的重要性。,3
分析并比较两个数据集，找出它们的相似之处和不同之处。,3
创建一个算法，将整数数组从小到大排序。,3
编写一个算法，将数字列表从小到大排序。,3
训练机器学习模型时面临哪些挑战？,1
下周末公园将举办一场嘉年华活动，旨在为无家可归者提供帮助。,2
比较纸质笔记和数字笔记。,3
找到两个矩阵的乘积。,1
创作一首诗，比较两个对立的观点。,3
美国有哪两种入侵物种的植物？,1
用夸张的修辞手法，将提供的陈述与另一个概念进行比较。,3
说出一个著名的景观设计师。,3
计算2到10之间整数的乘积。,1
1964年民权法案的目的是什么？,1
总结有关医疗人工智能的文章。,1
根据以下描述猜测这个人的年龄。输入：一位成熟的女性，善于以领导者的身份发言，并在事业上取得了成功，但仍然喜欢外出用餐和去海滩旅行。,2
生成芝加哥小熊队和洛杉矶道奇队之间棒球比赛的逐个动作摘要。,2
生成正确的SQL查询语句以检索表名为“Products”的所有产品的名称和价格。,2
研究表明，网络攻击的威胁在近年来显著增长。报告的事件数量呈指数增长，攻击本身的复杂性也在增加。攻击者现在有比以往更多的目标，并使用越来越复杂的方法来绕过传统的安全措施。简述：网络攻击威胁增长，攻击更复杂，攻击者更多目标，绕过安全措施。,2
比较机器学习和人工智能。,3
告诉我“out of the blue”这个表达的意思是什么？,2
创建一个JavaScript程序来打印给定数字的最大值和最小值。,2
将20英寸转换为厘米。,1
比较客服代表和客户成功代表之间的差异。,3
教育有助于人们实现他们的目标。 (No need to translate the instruction itself),2
起草一条推文，鼓励人们参加即将到来的选举。,1
识别并解释数字营销中的新趋势。,1
"昨晚Mary和我去看电影了。请使用正确的大写和标点符号重写以下句子：Last night, Mary and I went to the movies.",2
描述语音识别技术的工作原理。,3
日落美丽。 (No need to translate the instruction as it is not part of the response),2
设计一个购物网站的界面。,3
渲染一座房子的三维模型,1
为这个故事提出一个适当的道德教训。,1
打出一个短笑话。,1
昨天推出了新产品。改为主动语态：我们推出了新产品。,1
编辑以下句子，使其更简洁：“我们在聚会上吃的食物非常美味。”,2
火车在下午6点离开。 -> 改为过去式：火车在下午6点离开了。,2
创作一首将天空与海洋进行比较的诗歌。,3
电场是如何产生的？,1
创建一个网站设计，与给定的风格相匹配。,3
生成商务会议活动的想法清单。,1
假设给定的句子写错了：“我们邀请客人参加穿着正式服装的派对。”重写句子使其听起来语法正确。,2
总结“API”缩写的含义。,3
设计一个算法来找到股票买入和卖出的最大利润？,3
创建一个包含仪表板和导航栏的用户界面设计。,3
如何在Apple手表上安装新应用程序：,1
世界上最富有的前五位人是谁，他们目前的净资产是多少？,1
确定以下症状最可能的诊断。,1
编写一个代码片段，打印出从1到10的整数列表。,3
"将下面的句子编辑，用同义词替换粗体单词：
这个人在冒险时非常胆小。",2
无论我如何努力，似乎都无法完成工作。请使用同义词重新表述此句子。,2
创造一个象形图来展示以下短语的含义：“公共汽车上的车轮转啊转。”,2
写一篇有说服力的文章，阐述为什么应该降低投票年龄。,1
随机森林和决策树的主要区别是什么？,3
输出所有单词的动词形式。,1
找出给定列表中所有物品的总价，假设每个物品的价格为10美元。,2
写一个简明的“算法”定义。,3
讨论以下摘录如何是讽刺的例子。摘录：我意识到我们大多数人都太忙了，过于关注他们的社交媒体账户，从来没有想过志愿服务或做任何有用的事情。,2
我去图书馆。,1
创建一个Python程序来检测字符串中元音和辅音的数量。,1
分析该公司的财务状况。,1
找出以下单词中与“preposterous”同义的词：荒谬的，可笑的，令人愤慨的，滑稽的。,2
分离正数和负数。,1
个人品牌的概念。,1
创建一个代码，打印出前10个奇数。,3
今天是你人生的____。,1
简化以下表达式：(3x - 6)(2x + 9)。,3
设计一些适合正式晚会穿着的服装。,3
制定一个周末最大化利用的计划。,1
"使用这些单词创建一个逻辑句子：[""允许"", ""帮助"", ""它"", ""学习"", ""机器"", ""去""]",3
在句子“Jack收到了他的姑妈Mary送的生日礼物”中，找出主语。,2
这首歌的流派是什么？,1
如何清除房屋中的尘螨？,1
比较和对比基督教和伊斯兰教两种宗教。,3
确定一个发展中国家面临的三个经济挑战。,1
建议一个关于一个雄心勃勃的女人追求梦想的新电影的名字。,1
创建一个脚本，打印数字1到10。,1
识别解决此数学表达式所需的数学运算。,1
编写一个JavaScript函数，用于更改网站的背景颜色。,2
预测如果混合盐酸和小苏打会发生什么。,1
找出“bad”的比较级。,3
比较产品A和产品B，解释哪个更好。,3
查询表格“reservation”，找到“booking_date”在2021年2月23日至2021年2月25日之间的记录数量。,2
生成一句简洁的比较两种蔬菜的陈述。,3
解释多标签分类的概念。,1
想一个比喻，来形容一个人强烈的成功欲望。,1
当有人说他们不知道该怎么做时，建议他们尝试新的事物或寻求专业建议。,2
人工智能可用于解决旅行问题。,1
报告很（insert appropriate adjective）.,2
写一个代码来计算给定数组元素的总和。,3
用正确的词比较以下两个名词：沟通，相似。,3
创建一个包含10个提示的列表，以帮助某人提高他们的编码技能。,2
制作三明治的计划。,1
将这个句子转换成一个问题：马萨诸塞州是第一个合法化同性婚姻的州吗？,2
将一组事实转化为一首简短的诗歌。,1
生成通用产品代码（UPC）的指令。,3
麦当劳菜单中是否提供素食选项？生成一个回答是或否的简短句子。,2
"选择最适合的词来描述以下定义。
“一大群人、动物或物品，在另一方面都很相似。”",2
使用给定的输入数据，生成一封电子邮件，通知同事们新的会计程序。,2
请用三句话概括这篇关于艺术治疗的文章。艺术治疗是一种创新的治疗方法，利用创意活动来解决心理问题。它基于这样的想法：创作艺术可以帮助个人处理和理解他们的情绪，应对困难时期，促进个人成长和发展。,2
检测句子“使用这个产品是一次很棒的体验”的情感。,1
找出以下句子中的3个常见错误：他相信成功的关键是聪明地工作和努力。,2
请提供ABC公司的业务概述。,1
成功沟通的两个障碍。,1
生成独特的播客标题。,1
描述一个场景，其中可以使用K-最近邻（KNN）算法来解决问题。,3
她不总是遵守她的承诺。请改写成肯定句。,1
比较并对比夜晚和白天。,3
从给定的选项中选择营养平衡最好的早餐。选项包括：奶酪火腿菠菜煎蛋卷、法式吐司、花生酱香蕉百吉饼和培根鸡蛋英式麦芬。,2
举一个使用提供的单词的例子。,1
根据职业生成相关的招聘广告。,1
将以下句子从西班牙语翻译成英语：“Su madre está muy orgullosa。”,2
讲一个关于一群被困的冒险家的故事。,1
分类给定的动物列表。,1
找出向量'6i+2j'和'-3i+6j'之间的theta。,2
使用以下信息，编写一个虚构的故事，讲述一个年轻女子经历内疚的故事。,2
创建一个算法来检测恶意URL，给定一个包含200个URL的数据集。,3
解释雨林的工作原理。,3
列出可采用的环保习惯。,1
写一篇介绍巴黎城市的文章。,1
写一个脚本，在 n 后面打印出接下来的 10 个斐波那契数。,2
分析以下文本并生成社交媒体营销策略清单。当前营销趋势是使用社交媒体。在当今时代，确保您的业务在每个可用平台上得到代表非常重要。,2
“一朝被蛇咬，十年怕井绳”,1
比较和对比网络应用和本地应用。,3
床很软。请使用形容词的比较级和最高级重写句子。,3
找到北美洲的国家总数。,1
解释“to take a leap of faith”这个习语的意思。,2
设计一个商业网站的网页横幅。,3
寻找轮子的创意替代用途。,1
用“脆”的、“晚上”的和“星光闪耀的”这三个词创建一个新的句子。,2
加一个过渡词连接以下两个句子：班级快要结束了。有些学生可以开始他们的暑期工作了。,2
比较和对比抽象艺术和传统艺术。,3
扫描输入内容，检查拼写错误并进行更正。,1
"计算温度读数列表的平均温度：[15, 20, 16, 19, 22]",2
她还没有接受他们的提议。(使用括号中给出的单词的正确形式改写句子。),2
解释 K-Means 聚类算法。,3
描述两个人正在激烈争吵的场景背景。,1
有效使用卷尺的五个技巧,1
分析以下文本，判断它是正式语气还是非正式语气。,1
把以下句子改写成否定句：“当我听到这个消息时，我感到非常高兴。”,2
生成一个比喻来描述个人成长的概念。,1
需要回答用户的问题：“我去英国需要护照吗？”,1
写一篇关于如何与陌生人交谈的博客文章。,1
为一篇关于人工智能在现代商业中应用的博客文章提供一个合适的标题。,2
去钓鱼，钓鲑鱼。,1
描述一种集体行动的例子。,1
使用以下输入，开发一个算法来检测可疑的在线活动。,3
解释两种给定数据结构之间的区别：数组和链表。,3
列出一个研究主题的好资源清单。,1
为旅游网站设计极简主义标志。,3
提供以下文章的摘要。最近的研究表明，食用更多新鲜水果和蔬菜的人患心血管和其他慢性疾病的风险显著降低。,2
创建一篇博客文章，介绍Thomas Pynchon的小说“Gravity's Rainbow”的主题。,2
创建一个HTML电子邮件模板，宣传一个新产品。,1
描述共同基金和ETF之间的区别。,3
修正句子中的逗号错误。,1
解释冰箱的工作原理。,3
识别：探索假设“气候越冷，蚊子的寿命越短”应使用哪种科学方法？,2
解释以下代码的作用：给定一个消息和一个密钥，将消息加密并返回加密后的消息。,3
描述给定网站的设计模式。,3
将文本段落转换为标题格式。,1
编写一个Python脚本来解析大型表格数据文件。,1
选择最佳的单词来完成这个句子：丽莎非常____，她从不放弃。,2
解释递归函数的含义。,3
免疫 (miǎn yì),3
三个兄弟在院子里玩耍时发现了一只旧风筝，他们生成了一个由5个句子组成的故事。,2
请提供一个句子中如何使用以下短语的例子：“once in a blue moon”。,2
编写一个目标设定和实现目标的例程。,1
将以下句子分类为陈述句、疑问句、祈使句或感叹句：“世界上最高的山峰是什么？”,2
用一句话描述《杀死一只知更鸟》这本书。,1
"给定一个列表[4,21,11,32,14]，创建一个新的列表，顺序相反。",2
总结文章的主要观点。新研究发现，食用更多植物蛋白质的人比食用更多动物产品蛋白质的人更长寿。,2
比较和对比两种不同的资本来源：股权和债务。,3
识别句子中每个单词的类型；形成一个包含单词、词性和定义的表格。,2
列出月球的三个特征。,1
你做过的最鼓舞人心的事情是什么？请用不超过100个字的方式回答。,2
找出以下句子中的动词：Snow melts in the spring.,2
描述故事中反派的一个性格特征。,1
写一段描述使用技术的好处的段落。,1
给定一组指令，创建一个算法来解决问题。,3
为这位正在寻找创意领域工作的大学四年级学生建议一项与职业相关的活动。,2
训练一个 GPT 3 语言模型，为给定的产品生成一个逼真的假评论。,2
比较餐厅和家里吃饭的不同。,3
在下列句子中填入缺失的单词：水中漂浮着______。,1
识别以下句子的语气：“时间是宝贵的资产，所以要明智地利用它。”,2
1950年普通邮件和航空邮件有什么区别？,3
创建一个文本摘要算法。,3
建议一种数据可视化技术来展示过去一年中每个月产品销售的数据集。,2
描述物联网的重要性。,1
解释一些下背痛的原因。,1
减少员工缺勤的创意想法。,1
舞厅舞蹈中的三个动作元素是什么？,1
写一个数学表达式来计算购买物品的成本，其中成本为$5，税率为6%。,2
为会议室设计创意想法。,3
以下代码产生了什么类型的错误？,3
请分析以下引语：“一个人真正的财富是他们在世界上所做的善事”。,2
将这些日期按时间顺序重新排列：1939，1950，1966，1971。,2
用相同的意思创建一个新句子：红色的车不是我的。,1
利用给定的值来区分两个给定的种群。输入是马和斑马的种群。年龄、性别、品种和大小是特征。,2
创建一个算法，根据用户对其他电影的评分来决定他们应该观看哪些电影。,3
描述海洋酸化对珊瑚礁的影响。,1
解释气候变化如何影响北极。,1
给定以下代码，解释每行代码的作用：,3
开发一个分类水果的算法。,3
泡一杯茶的步骤：烧开水，放入茶叶，等待几分钟，倒入杯中即可。,2
设计一个算法，将电子邮件分类为垃圾邮件和非垃圾邮件。,3
请用自行车和漂浮创建一个主语+动词+宾语的结构。,2
考虑以下陈述。构建一个逻辑论证来支持它。,3
基于给定的场景，创作一个恐怖类型的短篇故事：一个废弃的岛屿。,2
为以下主张构建一个逻辑论证：动物不应该被囚禁。,3
解释“to the moon and back”这个短语的意思。,2
给定这段文本，告诉它的主要目的。,1
如果明天下雨，我们会________。,1
写一个Python代码来计算给定列表元素的总和。,3
哪个国家的人均GDP最高？,1
建议三种回收纸张的方法。,1
提供五个形容词，描述一个好的谈判者的特点。,1
从给定的文本中生成最多10个关键词。,1
撰写一篇关于[机器人学]领域当前挑战的文章。,2
新的AI算法：差分进化算法的潜在应用,3
确定团队赢得比赛的概率，给定方程式 P(x) = (x + 1) / (x + 3)。,3
用Python创建一个代码，打印一个三角形。,3
创建一个设置电子邮件账户的指南。,1
设计一个健身计划，包括有氧运动和力量训练。,3
设计一个机器学习模型来检测垃圾邮件。,3
根据以下标准选择两只股票进行投资：股息率增长和风险水平适中。,2
发一条推文，评论一家餐厅。我最近去了位于主街和第五大道拐角处的海风咖啡馆。,2
分析这幅画中的象征意义。,1
设计一个可以分类一个人心情的程序。,3
设计一个涉及使用机器学习的项目的想法。,3
根据材料清单制定建造桌子的计划。材料包括：木材、油漆、胶水、钉子、螺丝。,2
构建一个正则表达式，匹配包含一个或多个小写字母和一个或多个大写字母的密码。,2
我的祖母喜欢花园里度过时间。她喜欢和花朵一起工作，享受阳光。请添加其他句子，使这段话更连贯。,2
设计一家餐厅的标志，该餐厅提供传统的中国菜肴。,3
确定三角形角度之和。,1
"用APA格式引用这篇文章：Smith, J. (2020). The future of AI. AI Magazine, 21(2), 45–50.",2
选择适用的评分给以下餐厅：飞鱼餐厅的食物美味，员工友好，气氛热闹。,2
使用给定的数据，构建一个 https://www.cnn.com/。,2
用以下元素构建一个自己的短故事：沙漠、仙人掌和神秘陌生人。,2
设计适合在线图书馆的网页布局。,3
构建一个 SQL 查询，列出“学生”表中男学生的姓名。,3
生成一个包含一个大写字母、一个数字和一个特殊字符的长度为8的随机密码。,2
以下歌词通常表达哪种情感？,1
请告诉我“the crème de la crème”这个短语的意思。,2
分析给定的计算机代码并列出所有错误。,3
根据提供的标准，将“fascinating”替换为一个意思相同的同义词。,2
分析以下陈述并确定其中存在的任何偏见。,1
生成一个C++程序，用于计算列表中每个数字的出现次数。,2
将以下疾病分类为病毒性和细菌性：流感、麻疹、百日咳、链球菌喉炎。,2
评估给定的论点：素食主义是真正道德生活的唯一方式。,1
西班牙的一个热门旅游目的地。,1
为以下故事中的主角写一个角色描述：勇敢的骑士住在神秘森林边缘的一个小村庄里。他以勇敢的精神在整个村庄中闻名，并且总是渴望冒险。,2
为以下职位生成适当的求职信：前端软件工程师，具有React经验。,2
回答以下问题：美国宪法第一修正案中概述的五项基本自由是什么？,2
他们去书店买书吗？（将输入的句子进行语法修正并保持相似的意思。）,2
写一条关于最近经济下滑的推文。,1
构建一个算法，找到所有小于给定上限的质数。,3
翻译：在下面的句子中插入缺失的代词：狗 __ 对邮递员叫了起来。,2
为以下公司开发一个简短的网站描述：GadgetWise，一家制造定制小工具的公司。,2
选择以下主题之一，写一篇有说服力的演讲：每个人的税收应该降低吗？,2
理解以下代码的目的：int a，b; a = 5; b = a+1;,3
找到这个单词的定义。,1
设计“快乐星球”品牌的标志。,3
生成客厅的新设计,3
解释支票账户存款的过程。,1
描述浅烘和深烘咖啡的区别。,3
比较给定的两个术语，创建类比。,3
找出-3的模数,1
写一个简短的代码，打印给定列表的前5个元素。,3
计算以下函数：f(x) = 3x + 2,3
创作一个有创意的故事，传达信息：“每一次善良的行为都会让世界变得更美好。”,2
选择一个设计模式并描述它。,3
识别人类皮肤的三个特征。,1
做一个比较句，比较两种动物。,3
今天，我，参观，山。,1
买房的三个建议。,1
计算三角形的周长，其中边长A = 10厘米，B = 12厘米，C = 8厘米。,2
检查给定日期是否为星期五。,1
设立401(k)计划的一个好处是什么？,3
将以下五个项目按重要性从低到高排列：Facebook、Google、YouTube、Twitter、Instagram。,2
将以下查询归类为以下主题之一：1）产品优惠；2）付款和账单；3）交付和运输；4）帐户和订阅；5）技术问题。,2
蒸汽机的工作原理。,3
写一篇关于为什么小企业应该投资于SEO的博客文章。,1
半乳糖尿病：身体无法处理半乳糖，可能导致发育迟缓、黄疸和智力障碍。,2
建议两个潜在的解决方案来解决约翰在工作场所管理所有任务的困难。,2
建议搭配鸡帕玛森的适当饮料。,1
将面粉、泡打粉、苏打粉、盐和糖混合，然后加入湿的材料：黄油、鸡蛋和1/2杯酪乳。搅拌加入切成小块的香蕉和巧克力碎片。,2
猜测对话中的情感基于以下对话,1
我经常忘记我的钥匙。,1
"改写以下句子为过去式，删去不必要的词语：
""我要给她打电话。""",2
列出一种臭氧破坏物质。,1
南瓜罐头、鸡蛋、白砂糖、丁香粉、肉桂粉、姜粉、重奶油、肉豆蔻。按照食谱的顺序排列这些配料。,2
总结以下文章：https://theconversation.com/fracking-uses-a-lot-of-water-our-research-suggests-a-way-to-reduce-the-impact-140414,2
设计城堡防御策略。,3
计算2x^2 + 5x的导数。,1
分析以下照片并解释其在给定主题背景下的含义。照片中一家人站在一个写着“更美好的未来”的横幅前。,2
"老师正在教学生________。
名词：数学，历史，化学。",2
创建一个包含5本书的列表，这些书适合对编程感兴趣的青少年阅读。,2
"确定以下坐标所形成的三角形类型：(4, 2), (7, 9), (4, 11)。",3
生成一个问题和答案列表，以测试某人对世界历史的知识。,1
生成一个用于将文本分类的机器学习算法。,3
把以下句子翻译成西班牙语：“The man drove the car to the store”。,2
找出直径为6英寸，高度为10英寸的圆柱体的近似表面积。,1
写一篇洗车服务的客户评论。,1
把句子“Where are you going?”翻译成西班牙语。,2
根据输入的研究论文，用两到三句话概括主要观点。本文研究了健康知识、态度和行为在预防心血管疾病中的作用。之前的研究已经表明，健康知识与人群中的预防性健康行为之间存在一致的关联。本研究旨在探讨健康知识与心血管风险因素之间的关联。,2
世界上的新闻和其他来源一直在声称民主在失去地位。请举一个最近的事件来支持这一说法。,2
从以下句子中提取名词：“The little girl went to the store.”,2
用名词列表中的一个名词作为主语，另一个名词作为宾语，生成一个新的句子。,2
设计一个帮助老年人学习技术基础的应用程序，并列出其功能。,3
将给定的文本改为主动语态：经理改变了公司政策。,1
生成一个观点分歧但连贯的句子，仍然传达与原句相同的信息。,1
为该文章生成一个标题：发展中国家在教育课程中推行人工智能素养计划遇到困难。,2
把“密集”，“山脉”和“绿色”这三个词放在一个鼓舞人心的句子里。,2
比较线性增长和指数增长。,3
列出5个流行的播客主题。,1
计算方程x^2+2x+2=0的判别式。,3
创建一个名为“博客”的新文档，并撰写一篇关于以下主题的博客文章：自我关怀如何帮助减轻焦虑？,2
设计一个语音助手命令来安排约会。,3
设计一个教孩子们关于分数的活动。,3
找出以下句子中的平行结构：“她做了晚饭，洗了碗，洗了衣服。”,2
分类这个物体是哺乳动物、爬行动物还是昆虫。,1
找一个以“c”开头的四个字母的单词。,1
为一种新的早餐麦片制作简短的广告。,1
比较整数和浮点数。,3
生成一个用于对数组进行排序的伪代码。,3
如果a大于b，则result等于a，否则等于b。使用三元运算符重写代码。,3
创建一篇300-400字的博客文章，讨论健康生活方式的好处。,2
比较美国和加拿大的学生债务危机。,3
用一句话描述吉萨大金字塔。,1
总结这篇关于美国经济的文章为一句话。,1
简化以下方程：3x+4y=4x-7y,3
1立方米有多少升水？,1
设计一个适合素食者的咖啡馆菜单。,3
将以下文本归类为以下其中一种类型：喜剧，惊悚，浪漫或戏剧。,2
"a) 写出五句关于未来技术的预测。
b) 描述该技术使用的潜在后果，用两句话。",2
设计一个简单的迷宫游戏。,3
辨别寓言和寓言故事之间的主要区别。,3
总结以下文章的主要观点：地球上的所有生物都会遭受痛苦，这是生命中不可避免的一部分。有些人否认这个现实，认为整个宇宙是一个随机事件。但是，自然的宏伟设计指向至高无上的存在，这可以从每个生态系统的复杂细节和每个生物为其角色而设计的方式中看出。,3
简化科技论文，使普通读者能够理解。输入：研究了卡车轮胎橡胶在固化温度在25到120°C之间的受压和拉伸疲劳特性。考虑了β-二酮基橡胶与碳黑、二氧化硅和氧化锌混合后的固化温度。,2
将该句子归类为三种逻辑谬误之一。,3
请在电子邮件中插入适当的结束语。,1
重写以下句子，使用同义词和/或不同的语法结构来强调相同的句子意思：“太棒了”。,2
请提供一句来自法语的谚语。,1
关于垂直轴反射以下矩阵：,1
生成一篇关于在线教育的博客文章标题。,1
比较两种寻找两点间最短路径的方法。,3
构建一个关于健康生活方式好处的论文提纲。,1
网页服务器和网站是同一件事吗？,1
选择最能概括以下文本的句子：机器人和人工智能已经彻底改变了许多企业的运营方式。许多手动任务，如客户服务、制造和测试，正在使用AI驱动的机器人自动化。这种自动化转变使公司能够降低成本并提高生产力。,2
比较面向对象编程语言和过程式编程语言的异同。,3
描述自动机理论，用两句话。,1
设计网站的相关工具：,3
生成代码以打印出5的平方的答案。,3
把以下几句话改写成一句话：安德鲁很有决心，为了成功而努力工作，最终获得了回报。,2
列出产品设计的各个阶段。,3
为您社区的濒危物种制定新法律，提供更好的保护。列出4个有说服力的理由。,2
分析两个数据集并开发一个算法来对它们进行分类。,3
描述天主教和新教信仰之间的主要区别。,3
重新排列以下句子，以形成一个逻辑段落：B、C、A。,3
为辅导业务生成专业标志的设计。,3
比较两个产品并根据价格标准对它们进行排名。,3
本任务要求您为一份关于云计算的演示文稿生成30秒的介绍和结论。,2
构建两个人讨论人工智能的对话。,1
根据客户信息和购买历史记录的数据库，将客户分类为高价值或低价值。,2
识别常常混淆的单词并解释它们之间的区别。,3
告诉我这些传统食品的原产国：Patatas Bravas，Sushi。,2
解释游戏设计的概念。,3
创建一个分类模型，确定给定的哺乳动物是食肉动物还是食草动物。,2
想象一下你正在制作一个有三个等级的游戏。描述每个等级的难度和游戏进度。,2
列出使用机器学习模型的三个优点。,1
创造一个关于Brad Pitt在巴黎度假的逻辑谜题。,3
重写以下句子以使其更简洁：他无法理解问题的复杂细节，因此决定寻求帮助。,2
比较“狗”和“猫”。,3
创建一个算法，可以检测数字列表中的异常值。,3
今天我在网上购物买了很多东西。,1
如果客户打电话想了解他们的订单状态，客服代表应该采取哪些步骤？,2
解释区块链和普通数据库之间的区别。,3
说明“人工智能”和“机器学习”这两个术语之间的主要区别。,3
用SQL构建一个查询，按字母顺序列出员工的姓名。,1
他冒险走进未知的领域。,1
以下文本的两个替代标题。,1
根据输入，设计一个实验来确定煮鸡蛋所需的时间。,3
推荐一部适合家庭观看的电影。,1
阐述杠杆原理，使用适当的物理术语。,3
书 (shū),3
波士顿和纽约市之间的距离是多少？,1
比较并对比前五个最受欢迎的饮酒游戏之一。,3
写一个包含数字1到10的列表的数组的代码。,3
生成Python代码以将二维列表展平,3
分析亚马逊公司当前的财务状况。,1
生成降低企业能源消耗建议清单。,1
"确定句子""He has opened the door.""中使用的动词时态。",2
一阶函数和高阶函数有什么区别？,3
爱丽丝早早地来到咖啡馆，点了咖啡。请生成一个连接这两个句子的过渡句。,2
比较共和党和民主党的异同。,3
使用下图作为参考，解释为什么人们倾向于高估罕见事件的概率。,2
给定一个文本文档，识别其中的每个专有名词。,1
比较最新的iPhone型号和Galaxy S10。,3
为评论板创建一个赞/踩系统。,1
写下两个和“月亮”押韵的词。,1
这个计划我认为不会奏效。,1
Acme公司提供一系列高品质的产品，旨在满足您的所有需求。请以更加口语化的方式重写此营销文案。,2
编写一些代码以倒序打印数组。,3
设计一个实验来衡量广告的有效性。,3
根据以下事实，写一篇有说服力的文章，以说服某人气候变化是真实存在的。,2
分类电影类型。输入：这部电影讲述了两个兄弟，他们都拥有魔法力量。,2
创建一个情感分析模型的示例输入。,1
以下代码的输出是什么？,3
创建一个比较不同手机的表格。,3
写一个以滑雪比赛为中心的故事。,1
使用虚拟机的优点,1
以下文章摘要不超过10句话。当前的疫情给经济带来了前所未有的冲击，导致电子商务突然转移，数字服务需求更大。为了满足增加的需求，企业依靠云服务来扩展业务、管理工作负载和提高客户体验。此外，人工智能和自动化工具使公司能够在巨大的冲击中保持敏捷和高效。虽然云计算和人工智能在2020年之前已经很受欢迎，但当前的环境使它们的利用对企业未来的成功更加重要。,2
将您选择的文章总结为五句话。文章链接：https://www.webmd.com/diet/features/the-heart-healthy-mediterranean-diet,3
编写一个JavaScript程序，将给定字符串中的所有单词反转。,2
用一个关系副词重写这个句子：我在花园里看到了一条蛇。,1
确定气候变化的三个影响。,1
解释硬盘和固态硬盘之间的区别。,3
写一个代码，不使用 * 运算符来相乘两个数字。,3
命名自2000年以来获得奥斯卡最佳男演员或最佳女演员奖项的三位深色皮肤演员。,2
酒店业现在面临的最大挑战是什么？,1
将这些书按照有趣程度从高到低排列：爱丽丝漫游奇境、简·爱、指环王。,2
AI让机器和计算机像人类一样理解和处理信息，从数据中学习。,2
用以下单词构造一个句子：“荒凉”，“角落”，“萦绕”。,1
识别以下文本的情绪：“雨猛烈地打在窗户上，风在外面呼啸。”,2
生成一个引人注目且有创意的品牌口号。,1
生成一段简要概括企业现金流的段落。,1
使用for循环生成Java代码，打印1到10。,3
她非常爱她的猫，总是抚摸它们。,1
写一封邮件给老师请求延期提交作业。,1
创建一个解决此问题的算法。,3
使用提供的照片，识别动物类型。,1
基于这些词汇（月亮、宇航员、望远镜），创作一个有创意的故事。,2
为一篇关于减少塑料废物重要性的7分钟演讲创建提纲。,1
提供Java代码以将两个数字相加,3
创造一个比喻，将速度和声音进行比较。,3
术语“bug”和“defect”有什么区别？,3
创作一首关于花园蜗牛生活的说唱歌曲。,1
将以下计算机代码从Python转换为Java。,3
用“laudable”、“enthusiastic”和“endeavour”这三个词写一个句子。,2
提供一个使用括号的句子例子。,1
生成一个包含五个项目的列表，这些项目可以帮助客户改善他们的网站。,2
写一个短故事，让一个角色学到宝贵的教训。,1
确定这个句子的类型：“我吃了早餐。”,1
创建一个包含5个议题的清单，这些议题可以在董事会会议上讨论。,2
解释离心力和向心力之间的区别。,3
给定的软件 Adobe Photoshop 提供哪些功能？,2
计算方程式2X+4=14中X的值。,3
设计以下数据库的表格：员工管理数据库。,3
解这个代数方程：2x + 5 = 17。,3
匹配给定的单词和定义。,1
解释文本分类和文本聚类之间的区别。,3
解释计算机算法的目的和用途。,3
为解释为什么某种鸟类会从一个地区迁徙到另一个地区，提出一个假设。,2
解释面向对象编程（OOP）中类和对象的区别。,3
描述这张猫咪的模因，字符数不超过140个。[https://i.imgflip.com/3ylr2r.jpg],3
比较并对比以下两个布尔函数。,3
为抱怨客户提供服务，他抱怨客户支持的质量太慢。,1
Twitter帖子中关于度假目的地的好的hashtag的例子。,2
如果x=3.2且y=x-2，则计算Y的值。,2
创建一个A/B测试，比较两个设计。,3
公交车在早上8点出发，请修改这句话以提供更多细节和清晰度。,2
为最近的求职者John Smith写一封推荐信。他曾是我们公司的员工，离职时关系良好。他在我们公司担任销售代表，主要职责包括制定和实施促进销售的策略。他具有出色的沟通、组织和人际交往能力。,2
范畴命令规定，一个人只应该根据自己可以同时希望它成为普遍法则的原则行事。,2
构造一个比较句来比较两个城市的天气。,3
TCP和UDP的主要区别是什么？,3
设计一个涉及历史主题的桌游。,3
模拟数据和数字数据有什么区别？,3
设计一个广告牌，吸引那些喜欢健康饮食习惯的人。,3
根据以下情况建议一种行动方案：你的朋友遇到了车祸，需要帮助支付维修费用。,2
生成一个与“数据科学”主题相关的新问题，该问题以前从未被问过。,2
确定以下排序算法最适合此数据集：,3
记录一段30秒的评论，评论对象为The Elbow Room Cafe。,2
分析以下句子的词性：She went to the shop.,2
创造一个生动而原创的比喻，将“生命”和“闹鬼的房子”联系起来。,2
设计一个解释区块链技术概念的网站。,3
提供一个CSS代码，使页面上的所有文本框可见。,3
计算8+5的和,3
起草一份新公司发布移动应用的新闻稿，该应用是一款健身追踪应用程序，旨在帮助用户达到其健康和健身目标。,2
比较以下两种解决方案，选择最合适的一个：,3
请用三句话概括以下陈述：公司越来越多地投资于人工智能和数据分析，以提高竞争力。,2
预防 SQL 注入攻击的策略。,3
将句子改为被动语态：一个关于GPT-3的博客文章被她写了。,2
设计一个GPT模型，生成一个聊天机器人，帮助用户在特定城市找到酒店。,3
提供一个社交媒体应用的口号示例。,1
总结一篇关于税收对经济增长的影响的文章。,1
解释递归函数是什么，不超过50个单词。,3
对抗性人工智能确保机器使用真实世界的经验进行操作。机器学习可以帮助消除错误的正面结果。将这两段文本改写并合并成一段文本。,2
防火墙和杀毒软件的主要区别是什么？,3
重要消息 - 科学家们已经找到了一种直接从植物纤维素中生产可再生能源的方法！#清洁能源,2
为一个虚构人物创建社交媒体档案。这个人物是一个名叫杰克的中年漫画收藏家。,2
将以下颜色列表从最暖到最冷排序：红色，橙色，绿色，蓝色，黄色。,2
写一个设计文档来描述一个带有超级英雄和反派主题的战斗皇家游戏的想法。,3
制作一种单一成分的蒜蓉泡菜食谱。,1
判断4和12是否互质。,1
构建一个具有以下列的SQL表：_id，姓名，电话，电子邮件。,2
推荐一款解决睡眠监测问题的产品。输出产品名称和一句话的解释。,2
创建成功演示文稿的三个步骤。,1
根据以下食材生成食谱：2个西红柿，1个洋葱，1杯煮熟的豆子。,2
比较给定的部件，确定性能最高的部件。,3
比较和对比科技行业中的两位领袖：埃隆·马斯克和杰夫·贝佐斯。,3
设计一个标志来代表品牌，将品牌名称以视觉上吸引人的方式融入设计中。品牌名称为：Evolution Plus。,3
找出所需技能：研究助理。要求有强大的研究和写作技能，了解各种研究方法，具有出色的组织能力，能够独立工作和团队合作。,2
给定一个网页列表，将每个网页分类为以下类别之一：博客、新闻或社交媒体。,2
用以下单词生成2个有意义的法语句子：parler，plaisir，bienvenu。,2
给定一个正整数数组，找到所有可能的子集，其总和等于给定的目标数。,2
构建一个函数，它以数组和其长度作为参数，并返回数组元素的总和。,2
列出四种人类情感。,1
创建两个朋友之间的对话，其中一个人对另一个人的意见漠不关心。,2
如果程序不能按预期工作，会出现什么类型的错误？,1
猜测句子中缺失的词：她有很多___，所以她总是能够接受新的挑战。,2
"给定两个以(1,0)和(-1,0)为圆心，半径为1的圆，找到在(-1,0)处的切线方程。",3
命名一个用于解决分类任务的常见机器学习算法。,3
关于健康状况的数据：Felicity患有焦虑症，常常出现身体症状，如心跳加速、呼吸急促和颤抖。她偶尔会有入侵性思维并害怕它们。她还有一种无法理解的恐惧感。,2
根据以下情况，制定适当的谈判策略：您正在尝试从二手车经销商那里购买一辆汽车，并且您想要谈判价格。,2
描述基因物质中转录的过程。,1
结果很糟糕，我们需要采取行动。,1
设计高端餐厅的室内。,3
描述新智能电视的特点。,1
开发一个机器学习算法来识别垃圾邮件。,3
提供有关波兰的三个事实。,1
人类的分类法是什么？,1
梦想的隐喻是什么？,1
创建网页的步骤概述。,1
创建一个标题，宣布为什么人工智能对可持续性至关重要。,1
用“effervescence”、“hesitant”和“integrity”这三个词构造一个句子。,2
概述醋和柠檬汁之间的区别。,3
设计一张学生电影节海报。,3
根据提示，创作一个200字的故事。提示是：你所知道的世界已经改变。,2
将摩天大楼与山进行比较。,3
比较两个方程的因数。,3
互联网为企业家开辟了新的机遇，远程工作的能力使创业更加容易，全球成功创业公司的数量也在增加。,2
未得所需结果。,1
解释用户为什么需要在访问某些数据之前获得权限,1
生成CSS代码以更改以下HTML元素的字体：,3
写一个代码片段，使用for循环打印数字1到10。,3
中文官方使用的五个地区。,1
列出互联网改变人们工作方式的两种方法。,1
汽车是红色的。它相当老旧。,1
确定以下电影描述的类型：一个单身父亲必须拯救一个小镇，免受一群危险的罪犯的破坏。,2
生成一个在数学领域广泛使用的符号示例。,1
“死亡并不是最大的损失，最大的损失是我们在活着的时候内心死去了什么。” - 诺曼·考辛斯,2
给定一组股票代码，计算它们的当前股价。,3
生成一篇旅行博客文章，讨论印度其他旅游目的地与<mask>相比的优缺点。,2
使用AI助手自动化客户服务流程的示例。,1
选择文本中所有“incredible”一词的实例，并用“<incredible>”标记它们。,2
生成客户满意度调查的选项列表。,1
设计一个谜题，包含以下事实：,3
设计一个家庭自动化系统。,3
用自己的话给“经验证据”这个术语下一个定义。,1
创建一个将十进制数转换为二进制数的算法。,3
如果实施某项政策来激励公司减少空气污染，可能会出现潜在问题的例子。,2
“rule of thumb”这个短语的意思是什么？,1
撰写一份关于纽约市软件服务提供商Aamato Corporation最近财务表现的详细报告。,2
总结美国宪法修正程序的关键要点。,1
想出一道测验题目的例子。,1
"将文本""The biggest moon in our solar system""重新排列，以创建更流畅的短语。",2
我没能完成这个项目。,1
"判断以下事实是否正确：
1. 中国的长城是唯一能从太空看到的人造结构。
2. 土星是太阳系中最大的行星。",2
解释永久和永久日历的区别。,3
创建一个正则表达式，以查找所有包含三个辅音和一个元音的单词。,2
生成一个代码片段，将信息存储在字典数据结构中。,3
设计一个高效的算法来反转一个数组。,3
设计一张海报，鼓励人们更多地使用公共交通。,3
设计一个您选择的平台的用户界面。,3
比较和对比使用技术的两种教学方法。,3
“好的，我们出去兜风吧。”,1
为烹饪博客建议一个创意用户名。,1
创建一个与“社交媒体对心理健康的影响”主题相关的研究问题。,2
解释“a dark and stormy night”这个短语的意思。,2
算法交易是什么。,3
为幼儿设计一个10步骤的教程，教他们如何系鞋带。,3
青少年最常见的压力来源是什么？,1
正面自我对话和负面自我对话有什么区别？,3
用法语创作一首《Twinkle Twinkle Little Star》。,2
用不同的结构创造一个与以下句子意思相同的新句子：“我和我的朋友打篮球。”,2
用比较结构修改以下句子：,3
把句子“Je veux aller au marché”翻译成英语。,2
创建领导力培训计划。,1
人机界面，五个词。,1
从给定的文章中，确定主要思想。,1
创造一个假设情境，包括以下物品：一块奶酪，一个鸡蛋，一个洋葱。,2
创建一个分类模型，预测给定的评论是关于产品还是服务。,1
设计一个新的算法，可用于自然语言处理（NLP）任务。,3
写一首大部分句子都押韵的诗。,1
结合思维和创造力，提出至少三种不同的解决方案来解决以下问题。,2
创建发票,1
概述以下段落：自1969年以来，美国宇航员一直在探索月球。他们建造了基地，驾驶月球车并收集了样本。,2
构建一个检测文本抄袭的算法。,3
我喜欢下棋，这是我最喜欢的爱好之一。请修改这句话，使用正确的语法和标点符号。,2
使用提供的颜色和设计元素重新设计标志。颜色：蓝色，绿色和黄色。设计元素：三角形。,3
撰写一篇200字的文章，讨论全球变暖对极端天气事件的影响。,2
使用“函数”来完成以下句子：一个_____是执行特定任务的代码块。,3
用以下三个词构造一个句子：ponder，ripe，dash，drudge。,2
写作风格的四个关键点：早晨的空气清新凉爽，沿着海滩散步，感受阳光温暖皮肤。,2
给定一组数字，计算平均值。,1
给定一个简短的叙述和一种情感，开发一个反映情感的响应，使用语法和措辞。,2
为以下公司生成一个合适的口号：ACME公司是一家物流公司，专注于运输车辆和其他国际货物。,2
我感到非常兴奋。用提供的词汇表中的一个词汇重写这个句子。选择：狂喜的，欣喜若狂的。,2
比较两个以下物品并解释原因：苹果，香蕉，橙子。,3
生成十个问题，调查人们刷牙的频率。,1
珊瑚礁是一群珊瑚群落，形成了一个水下的动植物社区。请用同义词替换重复的单词和短语来重写下面的描述。,2
气候变化，也常被称为全球变暖，是我们今天面临的最紧迫的话题之一。科学家和研究人员已经研究气候变化的影响数十年，而消息并不乐观。,2
解释活动策划的重要性。,1
将给定的新闻文章情感分类为积极、中性和消极。,1
写一个代码来输出给定数字的下一个最大质数。,3
描述一下手机的类比。,1
编程中的比较运算符是什么？,3
重新排列列表以按字母顺序排序,1
分析以下句子，判断它是陈述句还是修辞问句。输出陈述句或修辞问句。,2
总结K-means聚类算法的关键特征。,3
找到 Microsoft Office 的版本,1
“a stitch in time saves nine”这个短语的意思是什么？,2
创建一个带有给定标签的按钮的HTML代码。,3
制作鳄梨酱的五个步骤。,1
自互联网问世以来，“数据”一词的使用方式发生了怎样的变化？,2
如何设计标志：解释。,3
她的演讲彻底失败了。,1
创建一个正则表达式，匹配以“Bob”开头并以数字结尾的字符串。,2
创作一首关于算法的说唱歌词。,3
描述抄袭和侵犯版权之间的区别。,3
把以下短语翻译成西班牙语：“我累了。”,1
比较和对比两种流行的电影类型。,3
给定一个日常物品，想出一个有趣的小知识。,1
使用正确的符号比较给定的两个数字。,3
提出一篇关于人工智能的新研究论文的想法。,1
如何计算1磅等于多少千克。,1
设计符合无障碍指南的网站页眉。,3
自上而下和自下而上的设计方法有哪些主要区别？,3
解释过山车的工作原理。,3
比较核能和太阳能。,3
请翻译“May I have a glass of water?”成德语。,2
设计一个算法来计算三个数字的平均值。,3
"插入一行代码，定义并打印一个包含“Hello, world!”的字符串。",3
