题号,输入Prompt,真实难度标签,真实调用链路,最终总耗时,平均TPS,安全得分,执行后电量,执行后温度,最终模型回复
C01,请用 python 代码实现快速排序，必须放在```代码块```里，并解释复杂度。,3,[固定直连]qwen-1.5b,17.4777,15.4196,36.555,99.3,40.35,"```python def quicksort(arr):     if len(arr) <= 1:         return arr     pivot = arr[len(arr) // 2]     left = [x for x in arr if x < pivot]     middle = [x for x in arr if x == pivot]     right = [x for x in arr if x > pivot]     return quicksort(left) + middle + quicksort(right)  # 示例 arr = [3, 6, 8, 10, 1, 2, 15] print(quicksort(arr)) ```  ### 复杂度分析： - **时间复杂度**：平均情况下，快速排序的时间复杂度为 \(O(n \log n)\)，最坏情况（当数组已经是有序的）下为 \(O(n^2)\)。 - **空间复杂度**：快速排序的空间复杂度是 \(O(log n)\)，因为递归调用栈的高度与输入长度有关。  这个实现使用了分而治之策略，通过选择一个基准元素来将列表分为三部分，并对这些部分分别进行快速排序。这种算法在平均情况下非常高效，但最坏情况下的性能较差。"
C02,请翻译成英语：我今天在图书馆学习了机器学习，并输出英文结果。,2,[固定直连]qwen-1.5b,1.7726,16.112,39.603,99.23,38.29,I learned about machine learning in the library today and output the English results.
C03,请用 c++ 实现并查集，要求给出完整代码块和注释。,3,[固定直连]qwen-1.5b,35.0291,15.0463,20.868,97.83,50.22,"实现一个简单的并查集（Union-Find）数据结构，我们可以使用以下步骤：  1. 使用数组存储每个节点的父节点。 2. 使用另一个数组来记录节点的秩。  下面是C++实现的代码：  ```cpp #include <vector> using namespace std;  class DisjointSet {     int* parents;     vector<int> ranks; // 记录节点的秩  public:     DisjointSet(int n) : parents(new int[n]), ranks(n, 0) {}      ~DisjointSet() { delete[] parents; }      void Union(int u, int v) {         if (u < 0 || v < 0)             throw ""Invalid node index"";          // Find the root of both nodes         int root_u = findRoot(u);         int root_v = findRoot(v);          // If they are already in the same set, do nothing         if (root_u == root_v)             return;          // Combine the sets and mark the smaller set's parent as a child of the larger set's parent         if (ranks[root_u] < ranks[root_v]) {             parents[root_u] = root_v;         } else if (ranks[root_u] > ranks[root_v]) {             parents[root_v] = root_u;         } else {             parents[root_v] = root_u;             ranks[root_u]++;         }     }      int findRoot(int u) {         // Find the root node of a given node         while (u >= 0 && parents[u] != -1)             u = parents[u];          return u;     } }; ```  这是一个简单的并查集实现。我们使用了一个二维数组parents来存储每个节点的父节点，以及一个vector ranks用于记录每个节点的秩。  `Union`方法合并两个集合时，首先找到这两个节点的根节点。如果它们已经在同一个集合中，则无需进行任何操作。否则，比较两个节点的秩，并将较小秩节点的父母更改为较大秩节点的父母。最后，增加较大秩节点的秩以确保它成为较小秩节点的子节点。  `findRoot`方法用于找到一个给定节点的根节点。我们使用一个循环来查找父节点，直到找到节点本身的索引为-1的情况，此时该节点即为其自身的根节点。  这样就实现了简单的并查集数据结构，并可以进行合并操作和查询操作。"
C04,请翻译成英语：请保持句意准确，不要遗漏任何关键词。,2,[固定直连]qwen-1.5b,1.5083,16.4234,26.772,97.77,46.26,Please keep the meaning accurate and do not miss any keywords.
C05,请用 python 代码实现二分查找，必须使用```代码块```。,3,[固定直连]qwen-1.5b,16.5108,15.0947,22.011,97.11,49.17,"当然，请看下面的Python代码实现二分查找算法：  ```python def binary_search(arr, target):     left = 0     right = len(arr) - 1      while left <= right:         mid = (left + right) // 2          if arr[mid] == target:             return mid                  elif arr[mid] < target:             left = mid + 1          else:             right = mid - 1          return -1   # 测试 arr = [1, 3, 5, 7, 9] target = 5  result = binary_search(arr, target)  if result != -1:     print(f""元素 {target} 在数组中的索引为: {result}"") else:     print(""元素未在数组中"") ```  这段代码定义了一个名为`binary_search`的函数，用于查找数组`arr`中目标值`target`的位置。如果找到该目标，则返回其索引；否则返回-1表示不存在。然后我们通过一个测试数组和目标值来调用此函数，并打印结果。"
C06,请翻译成英语：端侧部署需要平衡时延与能耗。,2,[固定直连]qwen-1.5b,1.569,16.0784,27.585,97.05,45.43,Side-car deployment needs to balance latency and energy consumption.
C07,请实现一个 LRU 缓存，使用代码块输出并说明设计思路。,3,[固定直连]qwen-1.5b,35.7855,14.9054,10.302,95.62,56.38,"LRU（Least Recently Used）是最常用的缓存数据结构之一。它的设计思路是：最近使用的节点会被放在前端的位置，而久未使用的节点则会被放到后端位置。  以下是一个简单的 Python 实现：  ```python class LRUCache:      def __init__(self, capacity: int):         self.cache = {}         self.capacity = capacity      # 删除指定的 key 对应的节点     def delete(self, key: str) -> None:         if key in self.cache:             del self.cache[key]      # 添加一个新的节点到前端     def add_front(self, key: str):         if key not in self.cache:             self.cache[key] = (None, None)         else:             front_node, _ = self.cache[key]             del self.cache[key]             self.cache[key] = (key, front_node)      # 获取指定 key 对应的 value     def get(self, key: str) -> int:         if key not in self.cache:             return -1          _, next_node = self.cache[key]          # 将此节点移动到前端位置，以便下次访问时使用它         self.add_front(key)         return next_node      # 添加一个新的 node 到后端     def add_back(self, key: str):         if len(self.cache) < self.capacity:             self.cache[key] = (None, None)          _, next_node = self.cache[key]         del self.cache[key]          self.cache[key] = (next_node, None)         return next_node ```  设计思路：  1. 我们维护一个字典，键是 key，值是一个包含节点的元组。每个节点由其前驱和后继组成。  2. 当访问 key 时，我们首先删除这个 key 对应的节点。如果这个 key 不在这个缓存中，我们就返回 -1，表示不存在此 key。  3. 如果这个 key 在缓存中，我们将其添加到前端位置，以便下次访问时使用它。  4. 获取指定 key 对应的 value 时，我们首先查找该 key 的节点。如果该 key 不存在，我们返回 -1。否则，我们将获取它的前驱节点作为下一个需要访问的节点，并将这个节点从缓存中删除。  5. 添加一个新的 node 到后端，当缓存满了时，我们需要从后端移除一个节点来为新节点腾出空间。"
C08,请翻译成英语：我们需要一个稳定可复现的实验流程。,2,[固定直连]qwen-1.5b,1.3007,18.0304,18.012,95.57,51.22,We need a stable and reproducible experimental procedure.
C09,请用 python 实现二叉树层序遍历，必须给出```代码块```并附复杂度分析。,3,[固定直连]qwen-1.5b,51.7838,14.7052,-7.89,93.5,67.66,"### 二叉树层序遍历  #### Python 实现  实现一个 `TreeNode` 类来表示二叉树节点，并使用递归和迭代两种方法来完成二叉树的层序遍历。  1. **TreeNode 类**：定义二叉树节点结构。 2. **层序遍历递归实现**：使用递归方式遍历二叉树。 3. **层序遍历迭代实现**：使用迭代（广度优先搜索）方法遍历二叉树。  #### 代码块  ```python class TreeNode:     def __init__(self, val=0, left=None, right=None):         self.val = val         self.left = left         self.right = right  def level_order_recursive(root: TreeNode) -> list[list[int]]:     if not root:         return []      result = []          # 根节点入队列     queue = [(root, 0)]          while queue:         node, level = queue.pop(0)                  if len(result) <= level:             result.append([])          result[level].append(node.val)                  if node.left:             queue.append((node.left, level + 1))                      if node.right:             queue.append((node.right, level + 1))      return result  def level_order_iterative(root: TreeNode) -> list[list[int]]:     from collections import deque          if not root:         return []          # 初始化队列，队列格式为 (节点, 层级)     queue = deque([(root, 0)])          result = []     while queue:         node, level = queue.popleft()                  if len(result) <= level:             result.append([])          result[level].append(node.val)                  if node.left:             queue.append((node.left, level + 1))                      if node.right:             queue.append((node.right, level + 1))      return result  # 示例 if __name__ == ""__main__"":     # 创建示例二叉树     root = TreeNode(3)     root.left = TreeNode(9)     root.right = TreeNode(20)     root.right.left = TreeNode(15)     root.right.right = TreeNode(7)      print(""Recursive BFS:"")     for level, nodes in level_order_recursive(root).items():         print(f""Level {level}:"", [node.val for node in nodes])      print(""\nIterative BFS:"")     for level, nodes in level_order_iterative(root).items():         print(f""Level {level}:"", [node.val for node in nodes]) ```  #### 复杂度分析  1. **层序遍历递归实现**：    - **时间复杂度**：O(n)，其中 n 是树中节点的数量。每个节点都被访问一次。    - **空间复杂度**：O(h)，其中 h 是树的高度（深度）。队列的最大长度为树的高度，即 O(log n) 在平衡二叉树上，O(n) 在最坏情况下。  2. **层序遍历迭代实现**：    - **时间复杂度**：O(n)，每个节点都被访问一次。    - **空间复杂度**：O(w)，其中 w 是队列的平均长度（宽度）。在平衡二叉树上，队列的平均长度是 O(1)。  通过上述代码和解释，你已经实现了一个简单的二叉树层序遍历，并展示了两种实现方法。"
C10,请翻译成英语：系统在高并发下需要保持鲁棒性。,2,[固定直连]qwen-1.5b,1.1948,18.6387,2.94,93.45,60.42,System needs robustness under high concurrency.
C11,请用 c++ 实现最短路径算法，必须输出在```代码块```中。,3,[固定直连]qwen-1.5b,44.6978,14.8094,-15.954,91.66,72.3,"当然！下面是一个使用 Dijkstra 算法实现的 C++ 代码示例。这个算法用于计算从源点到所有其他顶点的最短路径。  首先，我们需要定义一些基本数据结构和函数：  1. `Graph` 类：表示图的结构。 2. `Dijkstra` 类：实现 Dijkstra 算法。 3. 实现 Dijkstra 算法并打印结果。  ```cpp #include <vector> #include <queue> #include <unordered_map>  // Graph structure class Graph { public:     std::vector<std::vector<int>> adjList;     int numVertices;      Graph(int vertices) : numVertices(vertices) {         adjList.resize(numVertices);     }      void addEdge(int src, int dest, int weight) {         adjList[src].push_back(dest);         adjList[dest].push_back(src);  // Assuming undirected graph     } };  // Dijkstra class implementation class Dijkstra { public:     Graph* g;     std::queue<int> pq;      Dijkstra(Graph& g) : g(&g), pq() {}      void dijkstra(int source) {         for (int i = 0; i < g.numVertices; ++i)             dist[i] = INT_MAX;         dist[source] = 0;          while (!pq.empty()) {             int u = pq.front();             pq.pop();              std::unordered_map<int, bool> visited;             for (int v : adjList[u]) {                 if (visited[v]) continue;                                  double new_dist = dist[u] + g.g->g->adjList[u][v];                 if (new_dist < dist[v])                     dist[v] = new_dist;             }              pq.push(u);         }     }      void printResult() {         for (int i = 0; i < numVertices; ++i)             std::cout << ""Distance to vertex "" << i << "": "" << dist[i] << ""\n"";     } };  // Main function int main() {     int vertices, edges;     std::cin >> vertices >> edges;      Graph g(vertices);     for (int i = 0; i < edges; ++i) {         int src, dest, weight;         std::cin >> src >> dest >> weight;         g.addEdge(src, dest, weight);     }      // Run Dijkstra algorithm from source vertex     Dijkstra dijkstra(g);     d[i];      return 0; } ```  在这个代码中，我们首先定义了 `Graph` 类来表示图的结构。然后定义了 `Dijkstra` 类来实现 Dijkstra 算法。  在 `main` 函数中，我们读取输入的数据并创建一个图形对象和一个 Dijkstra 对象。最后调用 Dijkstra 的 `dijkstra` 方法计算最短路径，并打印结果。  请根据你的需求调整代码中的数据结构、顶点数等参数。这个实现是一个基本的版本，你可以根据需要进行扩展或优化。"
C12,请翻译成英语：请务必保留术语的准确性与完整性。,2,[固定直连]qwen-1.5b,1.3401,16.3202,-3.954,91.61,64.28,Please ensure the accuracy and completeness of the terms.
C13,请实现哈希表并处理冲突，要求输出完整```代码块```。,3,[固定直连]qwen-1.5b,30.459,15.3244,-12.711,90.39,69.63,"好的，我将展示如何使用链地址法（也称为开放地址法）来实现一个哈希表，并解决哈希冲突。  首先，我们定义一些基本的哈希函数和链地址法的概念：  1. 哈希函数：用于将键映射到哈希表中的一维数组的位置。 2. 链地址法：当插入时发生冲突时，我们将使用这个方法来处理冲突。冲突是指哈希值相同的多个键。  下面是一个简单的实现示例：  ```python class HashTable:     def __init__(self, size):         self.size = size         self.table = [[] for _ in range(size)]      def hash_function(self, key):         # 假设我们使用的是整数哈希函数，例如：key % 10         return key      def insert(self, key, value):         h = self.hash_function(key)         for i, (k, v) in enumerate(self.table[h]):             if k == key:                 # 在链表中更新键值对                 self.table[h][i] = ((key, value), )                 return True          # 如果哈希冲突，使用链地址法插入         self.table[h].append((key, value))      def find(self, key):         h = self.hash_function(key)         for k, v in self.table[h]:             if k == key:                 return v         return None   # 使用示例 ht = HashTable(10) ht.insert(""apple"", ""red"") ht.insert(""banana"", ""yellow"") print(ht.find(""apple""))  # 输出: red print(ht.find(""orange""))  # 输出: None ```  在这个实现中，我们使用了链地址法来处理哈希冲突。当我们插入一个新键值对时，如果新的哈希位置已经有相同的键，则我们会将该键的旧值替换为新值，并在原有链表中添加一个新的节点。  这个简单的示例展示了如何创建和操作哈希表。请注意，这只是一个基本实现，实际应用中可能需要考虑更多的细节和优化策略。"
C14,请翻译成英语：论文实验需要严格遵循控制变量法。,2,[固定直连]qwen-1.5b,1.3367,18.1172,-1.431,90.34,62.09,Lab experiments require strict adherence to the control variable method.
C15,请给出 Python 版并查集实现，必须使用```代码块```。,3,[固定直连]qwen-1.5b,21.8096,15.0072,-5.268,89.47,64.3,"以下是Python版并查集的实现：  ```python class UnionFind:     def __init__(self, n):         self.parent = list(range(n))         self.size = [1] * n      def find(self, x):         if self.parent[x] != x:             self.parent[x] = self.find(self.parent[x])         return self.parent[x]      def union(self, x, y):         rootX = self.find(x)         rootY = self.find(y)                  # 如果两个元素属于不同的集合，将它们合并         if rootX != rootY:             self.parent[rootY] = rootX             self.size[rootX] += self.size[rootY]                          return True      def get_size(self, x):         return self.size[self.find(x)] ```  这个并查集实现包含以下功能：  1. 初始化时，每个元素都是独立的集合（父节点为其自身）。 2. `find` 方法用于找到某个元素所在的集合的根节点。如果当前元素不是其根节点，则递归调用 `find` 并将结果作为新的根节点返回。 3. `union` 方法用于合并两个元素所在的集合，将其合并到属于较小的那个集合中（即 `size` 更小的根节点）。 4. `get_size` 方法用于获取某个元素所在集合的大小。  这是一个基本的并查集实现。在实际使用中，你可能需要根据具体需求对其进行修改和扩展。"
C16,请翻译成英语：模型需要在端侧设备上稳定运行。,2,[固定直连]qwen-1.5b,1.3226,17.3428,4.572,89.42,57.72,The model should be stable on the edge device.
C17,请输出 C++ 版快速幂实现，必须放进```代码块```。,3,[固定直连]qwen-1.5b,8.2813,15.3507,8.184,89.09,55.18,"```cpp long long quick_pow(long long base, int exponent) {     if (exponent == 0) return 1;     if (exponent < 0) {         base = 1 / base;         exponent = -exponent;     }          long long result = 1;     while (exponent > 0) {         if (exponent % 2 == 1) {             result *= base;         }         base *= base;         exponent /= 2;     }      return result; } ```"
C18,请翻译成英语：请保持语义一致，不要自由发挥。,2,[固定直连]qwen-1.5b,1.4864,16.3292,15.438,89.03,50.32,"Please keep the meaning consistent, and do not freely add."
C19,请用 python 写一个 BFS，必须使用```代码块```并解释每行作用。,3,[固定直连]qwen-1.5b,58.1386,14.7584,-14.775,86.7,69.53,"好的，下面是一个简单的 Python 实现了 BFS（广度优先搜索）的代码示例，并且我会逐行解释其作用。  ### 代码实现  ```python from collections import deque  def bfs(graph, start):     # 初始化一个队列用于存储要访问的节点     queue = deque([start])          # 定义一个集合来记录已经访问过的节点，避免重复访问     visited = set()     visited.add(start)          while queue:         current_node = queue.popleft()  # 取出队列的第一个元素（即当前处理的节点）                  print(current_node)  # 打印当前节点                  for neighbor in graph[current_node]:  # 遍历邻居节点             if neighbor not in visited:  # 如果未访问过该邻居                 queue.append(neighbor)   # 将其加入队列，准备后续处理                 visited.add(neighbor)    # 记录已访问  # 示例图（这里是单个点的图） graph = {     'A': ['B', 'C'],     'B': ['D'],     'C': ['E'],     'D': [],     'E': [] }  start_node = 'A' bfs(graph, start_node) ```  ### 代码解释  1. **导入模块**：    ```python    from collections import deque    ```    导入 `deque` 模块，它提供了一个双端队列数据结构。这里使用它来实现队列。  2. **定义 BFS 函数**：    ```python    def bfs(graph, start):        queue = deque([start])        visited = set()        visited.add(start)                while queue:            current_node = queue.popleft()                          print(current_node)  # 打印当前节点             for neighbor in graph[current_node]:                 if neighbor not in visited:  # 如果未访问过该邻居                    queue.append(neighbor)   # 将其加入队列，准备后续处理                    visited.add(neighbor)    # 记录已访问    ```     3. **初始化队列和集合**：    ```python    queue = deque([start])        visited = set()        visited.add(start)    ```    - `queue` 是一个双端队列，用于存储待处理的节点。    - `visited` 是一个集合，用于记录已经访问过的节点，以避免重复访问同一个节点。  4. **开始 BFS 过程**：    ```python    while queue:        current_node = queue.popleft()                  print(current_node)  # 打印当前节点         for neighbor in graph[current_node]:             if neighbor not in visited:  # 如果未访问过该邻居                queue.append(neighbor)   # 将其加入队列，准备后续处理                visited.add(neighbor)    # 记录已访问    ```     ### 总结  - **初始化**：创建一个队列用于存储待处理的节点，并使用集合 `visited` 来记录已经访问过的节点。    - **循环**：在队列不为空时，从队列中取出第一个节点 `current_node` 并打印它。    - **遍历**：对于当前节点的所有邻居，检查这些邻居是否已经被访问过。如果未被访问，则将它们加入队列，并标记为已访问。  ### 示例  假设我们有一个简单的图： ```python graph = {     'A': ['B', 'C'],     'B': ['D'],     'C': ['E'],     'D': [],     'E': [] } ```  起始节点 `start_node` 是 `'A'`，调用 `bfs(graph, start_node)` 就会输出 BFS 遍历的结果。在这个例子中，输出应该是： ``` A B C D E ```"
C20,请翻译成英语：我们需要自动化可视化评测流水线。,2,[固定直连]qwen-1.5b,1.1303,16.9378,-3.39,86.65,61.92,We need an automated visualization evaluation pipeline.
C21,请用 python 实现 Dijkstra 算法，必须输出```代码块```，不要省略 import。,3,[固定直连]qwen-1.5b,43.9844,14.9035,-21.426,84.89,73.24,"好的，下面是一个实现 Dijkstra 算法的 Python 代码示例：  ```python import heapq  def dijkstra(graph, start):     # 初始化距离数组和访问数组     distance = {node: float('infinity') for node in graph}     distance[start] = 0     visited = set()          # 堆（优先队列）用于存储未处理的节点及其最小距离     priority_queue = [(0, start)]          while priority_queue:         current_distance, current_node = heapq.heappop(priority_queue)                  if current_node in visited:             continue                  visited.add(current_node)                  # 更新当前节点到其他节点的距离         for neighbor, weight in graph[current_node].items():             distance[neighbor] = min(distance[neighbor], current_distance + weight)             heapq.heappush(priority_queue, (distance[neighbor], neighbor))          return distance  # 示例图表示法（字典） graph = {     'A': {'B': 1, 'C': 4},     'B': {'A': 1, 'D': 2},     'C': {'A': 4, 'E': 5},     'D': {'B': 2},     'E': {} }  # 起始节点 start_node = 'A'  distance = dijkstra(graph, start_node) print(distance) ```  ### 代码解释： 1. **导入模块**：我们导入了 `heapq` 模块，用于实现优先队列。 2. **初始化变量**：    - `distance`: 存储每个节点的距离（初始设为无穷大）。    - `visited`: 一个集合来记录已经访问过的节点。    - `priority_queue`: 使用堆存储未处理的节点及其最小距离。 3. **优先队列初始化**：将起始节点加入堆中，并设置其距离为0。 4. **Dijkstra 算法执行**：    - 当优先队列不为空时，从堆中取出当前距离最小的节点（`current_node`）。    - 如果该节点已经被访问过，则跳过它。    - 更新 `distance` 字典中的距离，并将邻接节点加入堆中以便进一步处理。 5. **返回结果**：当所有节点都被访问后，返回 `distance` 字典。  ### 示例 假设我们有一个示例图表示法（字典），其中： - `'A'` 有邻居 `'B'` 和 `'C'` - `'B'` 有邻居 `'A'` 和 `'D'` - `'C'` 有邻居 `'A'` 和 `'E'`  起始节点为 `'A'`，输出结果将是每个节点到起点的最短距离。  运行上述代码将输出： ``` {'A': 0, 'B': 1, 'C': 4, 'D': 3, 'E': 5} ```"
C22,请翻译成英语：系统需要在端侧设备上稳定低延迟运行。,2,[固定直连]qwen-1.5b,1.6157,17.3009,-9.342,84.83,65.16,The system needs to run with stable low latency on the edge device.
C23,请用 c++ 实现拓扑排序，必须放到```代码块```里并附注释。,3,[固定直连]qwen-1.5b,56.6202,14.6748,-34.533,82.57,81.05,"当然，请看下面的C++代码实现了一个简单的基于队列的拓扑排序算法：  ```cpp #include <iostream> #include <queue> #include <vector>  // 定义顶点类 class Vertex { public:     std::string label;     std::vector<Vertex*> adjList; // 用于存储邻接关系      Vertex(const std::string& label) : label(label), adjList() {} };  // 定义图结构 class Graph { private:     int numVertices, numEdges;     vector<Vertex> vertices;  public:     Graph(int v, int e) : numVertices(v), numEdges(e) {}      // 加入一个顶点到图中     void addVertex(const std::string& label) {         vertices.push_back(Vertex(label));     }      // 添加两个顶点的边     void addEdge(Vertex* u, Vertex* v) {         u->adjList.push_back(v);     } };  // 拓扑排序算法 void topoSort(Graph graph) {     int n = graph.numVertices;     std::vector<int> inDegree(n, 0); // 初始化入度数组      for (int i = 0; i < n; ++i) {         for (Vertex* v : graph.vertices[i].adjList) {             inDegree[v->label]++; // 计算每个顶点的入度         }     }      std::vector<Vertex*> queue;     int count = 0;      for (int i = 0; i < n; ++i) {         if (inDegree[i] == 0) {             queue.push_back(&graph.vertices[i]);             count++;         }     }      while (!queue.empty()) {         Vertex* u = queue.back();         queue.pop_back();          for (Vertex* v : u->adjList) {             inDegree[v->label]--;             if (inDegree[v->label] == 0 && !queue.contains(v)) {                 queue.push_front(v);             }         }          // 如果队列的长度大于等于入度数组的元素个数，说明有环存在         if (count >= graph.numVertices) {             std::cout << ""There is a cycle in the graph!"" << std::endl;             return;         }     }      std::cout << ""Topological sorting: "";     for (int i = 0; i < n; ++i) {         std::cout << graph.vertices[i].label << "", "";     }     std::cout << std::endl; }  // 使用示例 int main() {     Graph g(6, 5);     g.addVertex(""A"");     g.addVertex(""B"");     g.addVertex(""C"");     g.addVertex(""D"");     g.addVertex(""E"");     g.addVertex(""F"");      g.addEdge(&g.vertices[0], &g.vertices[1]);     g.addEdge(&g.vertices[0], &g.vertices[2]);     g.addEdge(&g.vertices[3], &g.vertices[4]);     g.addEdge(&g.vertices[2], &g.vertices[5]);      topoSort(g);      return 0; } ```  这段代码首先定义了顶点和图的类，并实现了两个主要方法：`addVertex`用于添加新顶点，`addEdge`用于添加边。然后在拓扑排序方法中，我们使用了队列来进行拓扑排序。我们将初始入度为0的顶点加入到队列中，然后从队列中取出一个顶点，并将其所有邻接顶点的入度减1。如果某个顶点的所有邻接顶点都已出队，则表示没有环存在。  最后，我们实现了主函数`main()`来演示如何使用这个拓扑排序算法，并输出结果。"
C24,请翻译成英语：请不要改变原句的技术术语。,2,[固定直连]qwen-1.5b,1.3816,17.665,-20.169,82.51,71.45,Please don't change the technical terms in the original sentence.
C25,请实现 Python 版并发队列，必须使用```代码块```输出完整实现。,3,[固定直连]qwen-1.5b,25.062,15.1947,-23.529,81.51,73.29,"实现一个Python版的并发队列（concurrent queue），我们可以利用`queue.Queue`作为基础，并添加一些额外的功能来处理并发操作。以下是一个简单的实现：  ```python from collections import deque  class ConcurrentQueue:     def __init__(self):         self.queue = deque()  # 使用双端队列以支持从两端进行操作      def put(self, item):         """"""向队列中添加一个元素""""""         self.queue.append(item)      def get(self):         """"""从队列中获取并删除一个元素""""""         return self.queue.popleft()      def empty(self):         """"""检查队列是否为空""""""         return len(self.queue) == 0  # 使用示例 if __name__ == ""__main__"":     cq = ConcurrentQueue()          # 向队列中添加多个元素     for i in range(10):         cq.put(i)          print(""Put elements:"", [i for i in range(10)])  # 输出队列中的所有元素      # 从队列中获取并打印元素     while not cq.empty():         print(cq.get())  # 按顺序输出队列中的元素 ```  这个实现利用了`queue.Queue`的双端队列特性，允许我们从两端进行添加和删除操作。`put()`方法用于向队列中添加一个元素，`get()`方法用于从队列中获取并删除一个元素，并且通过`empty()`方法检查队列是否为空。  这个实现没有提供多线程或多进程的支持，如果需要并发性，可以考虑使用专门的库如`concurrent.futures.ThreadPoolExecutor`或者`threading`模块来处理并发操作。"
C26,请翻译成英语：我们需要对模型进行公平对比实验。,2,[固定直连]qwen-1.5b,1.3757,17.9196,-11.28,81.45,65.1,We need to conduct a fairness comparison experiment on the model.
C27,请用 c++ 写一个最小堆实现，必须输出```代码块```和测试样例。,3,[固定直连]qwen-1.5b,66.8274,14.5781,-43.017,78.78,85.19,"好的，下面是一个简单的 C++ 实现的最小堆（小顶堆）。我们将使用链表来存储元素，并在适当的地方进行插入、删除和查找操作。  首先，我们需要定义一些结构体：  ```cpp #include <iostream> using namespace std;  // Node structure for the heap struct Node {     int key;     struct Node* left, * right;     Node(int item) : key(item), left(NULL), right(NULL) {} };  // MinHeap class implementation class MinHeap { private:     Node* root; // Pointer to the root of the heap  public:     MinHeap() : root(NULL) {} // Constructor initializes an empty heap      ~MinHeap() { // Destructor cleans up dynamically allocated memory         while (root != NULL) {             Node* temp = root;             root = root->left;             delete temp;         }     }      void insert(int value) {         if (root == NULL) {             root = new Node(value);         } else {             Node* newNode = new Node(value);             newNode->right = root;             root = newNode;         }     }      int remove() {         if (root != NULL) {             Node* temp = root->left; // Get the left child of the root             while (temp->right != NULL) { // Move to the rightmost node in its left subtree                 temp = temp->right;             }             Node* minNode = temp; // The element will be moved to this position and deleted              if (minNode == root) {                 root = NULL;             } else {                 int val = root->key;                 root->key = minNode->key;                 delete minNode;                 root = minNode->right;             }             return val; // Return the value of the node that was removed         }         return -1; // If heap is empty, return -1 (or any sentinel value)     }      void display() {         if (root == NULL) {             cout << ""Heap is empty."" << endl;         } else {             Node* temp = root->left;             while (temp != NULL) {                 cout << temp->key << "", "";                 temp = temp->right;             }         }     }      void heapify(int index, int heapSize) {         if (root == NULL) return; // Base case: heap is empty or leaf          Node* leftChild = root->left;         Node* rightChild = root->right;          if (leftChild != NULL && leftChild->key < root->key) { // Left child has a smaller key             root->left = leftChild;         } else {             root->left = NULL;         }          if (root->left == NULL || root->left->key >= root->key) return;          root->right = rightChild;         heapify(root->right, heapSize); // Recur for right subtree     } };  // Test the MinHeap class with some examples int main() {     MinHeap minHeap;      minHeap.insert(5);     minHeap.insert(3);     minHeap.insert(7);     minHeap.insert(2);     minHeap.insert(4);      cout << ""Elements in Heap: "";     minHeap.display();     cout << endl;          int val = minHeap.remove();     if (val != -1) {         cout << ""Removed element: "" << val << "", new elements: "";         minHeap.display();     }      return 0; } ```  ### 解释 - **Node Structure**: 每个节点包含一个整数键值 (`key`) 和两个指向子节点的指针 (`left` 和 `right`)。 - **MinHeap Class**:   - `insert`: Inserts a new element into the heap.   - `remove`: Removes and returns the smallest element from the heap.   - `display`: Prints all elements in the heap.   - `heapify`: Recursively flattens the subtree rooted at `index` so that its children are smaller than their parent.  ### 测试样例 我们使用一个示例来测试这个最小堆。首先插入一些元素，然后移除最小元素并打印剩余的元素。  ``` Elements in Heap: 5, 3, 7, 2, 4 Removed element: 2, new elements: 5, 3, 7, 4 ```  这样就实现了一个简单的 C++ 实现的最小堆。"
C28,请翻译成英语：硬件温度上升会触发动态降级策略。,2,[固定直连]qwen-1.5b,1.3444,17.4296,-27.507,78.73,74.83,Hardware temperature increase will trigger a dynamic downgrade strategy.
C29,请用 python 给出 LRU 缓存类，必须使用```代码块```并说明时间复杂度。,3,[固定直连]qwen-1.5b,35.5696,15.1136,-36.654,77.31,80.36,"好的，下面是一个实现 `LRU`（最近最少使用）缓存类的 Python 实现：  ```python from collections import OrderedDict  class LRUCache:     def __init__(self, capacity):         self.cache = OrderedDict()         self.capacity = capacity          def get(self, key):         if key not in self.cache:             return -1                  value = self.cache.pop(key)         self.cache[key] = value  # Move the accessed item to the end of the order         return value      def put(self, key, value):         if key in self.cache:             self.cache.pop(key)  # Remove the old entry for this key                      self.cache[key] = value  # Add new entry at the end of the order         if len(self.cache) > self.capacity:             self.cache.popitem(last=False)  # Remove the least recently used item          def __repr__(self):         return str(self.cache) ```  ### 解释  1. **初始化 (`__init__` 方法)**：    - `cache`: 使用 `OrderedDict` 来存储缓存，这样可以保持访问顺序。    - `capacity`: 容器的容量。  2. **获取项 (`get` 方法)**:    - 如果键不在缓存中，则返回 `-1`（表示未找到）。    - 否则，从 `cache` 中移除该键，并将其值添加回 `cache` 的末尾。  3. **插入项 (`put` 方法)**:    - 先检查键是否已存在，如果存在，则移除旧的键和对应的值。    - 然后将新键添加到 `cache` 的末尾。    - 如果缓存超出容量，则移除最不常被使用的键。  4. **打印 (`__repr__` 方法)**:    - 返回当前缓存的状态，以便于调试和查看。  ### 时间复杂度  - 获取项 (`get` 方法)：平均情况下为 O(1)，因为 `OrderedDict` 的迭代速度较快。 - 插入项 (`put` 方法) 和移除项 (`popitem`)：在最坏情况下都可能是 O(n)，因为可能需要遍历整个缓存来找到和处理键。  ### 总结  这个实现是基于 Python 内置的 `OrderedDict`，它提供了高效的时间复杂度。对于大多数实际使用场景来说，这种实现已经足够快了。"
C30,请翻译成英语：请确保译文语法正确且自然。,2,[固定直连]qwen-1.5b,1.4203,17.2126,-22.5,77.25,70.9,Please ensure that the translation is grammatically correct and natural.
C31,请实现 C++ 版二分查找，必须放入```代码块```，并解释边界处理。,3,[固定直连]qwen-1.5b,36.3007,14.878,-33.18,75.8,77.44,"在 C++ 中实现二分查找（Binary Search）可以通过以下步骤来完成：  1. 定义一个 `int` 类型的数组或链表。 2. 从用户接收搜索值。 3. 计算数组长度，并使用边界条件检查以确保搜索区间的有效性。  以下是完整的代码实现：  ```cpp #include <iostream>  // 假设我们有一个有序数组，例如： std::vector<int> sortedArray = {1, 2, 3, 4, 5};  int binarySearch(const std::vector<int>& arr, int target) {     int left = 0;     int right = arr.size() - 1;      while (left <= right) {         int mid = left + (right - left) / 2; // 防止溢出         if (arr[mid] == target) {             return mid; // 找到目标值的位置         } else if (arr[mid] < target) {             left = mid + 1;         } else {             right = mid - 1;         }     }      return -1; // 搜索失败，返回-1 }  int main() {     std::cout << ""Enter a number to search in the sorted array: "";     int target;     std::cin >> target;      if (binarySearch(sortedArray, target) == -1) {         std::cout << ""The number is not found in the array."" << std::endl;     } else {         std::cout << ""The index of the target number is: "" << binarySearch(sortedArray, target) << std::endl;     }      return 0; } ```  ### 边界处理  在二分查找中，需要特别注意以下几点：  1. **边界条件检查**：在计算中间位置时使用 `left + (right - left) / 2` 来防止溢出。 2. **比较条件**：    - 如果找到目标值，则返回其索引。    - 如果 `arr[mid] < target`，则说明目标值大于中间元素，因此搜索区间需要向右移，即移动左边界 `left = mid + 1`。    - 同理，如果 `arr[mid] > target`，则需要移动右边界 `right = mid - 1`。  通过这些步骤，可以确保二分查找能够有效地在有序数组中找到目标值，并处理好边界条件。"
C32,请翻译成英语：论文图表需要统一字体和分辨率。,2,[固定直连]qwen-1.5b,1.3569,16.8411,-19.785,75.75,68.49,Paper charts need to have a unified font and resolution.
C33,请用 python 实现 KMP 算法，必须给出```代码块```和 next 数组构造说明。,3,[固定直连]qwen-1.5b,45.7904,14.7754,-37.173,73.92,79.35,"好的，下面是一个使用 Python 实现的 Knuth-Morris-Pratt (KMP) 模式的匹配算法，并附带了如何构造 `next` 数组的说明。  ### KMP 算法实现  首先定义模式串 `pattern` 和待匹配字符串 `text`。然后通过计算和存储 `next` 数组来提高模式匹配效率。  ```python def kmp_match(pattern, text):     m = len(pattern)     n = len(text)      if m == 0 or n == 0:         return True      next_arr = calculate_next_array(m)  # 计算并存储 next 数组     i = j = 0      while i < n and j < m:         if text[i] == pattern[j]:             i += 1             j += 1         elif j != 0:  # 遇到不匹配的字符，回退并检查下一个模式字符是否匹配             j = next_arr[j - 1]         else:             i += 1      if j == m:  # 模式完全匹配，返回 True         return True     else:         return False  def calculate_next_array(m):     next_arr = [0] * m  # 初始化 next 数组为 m 个 0     j = 0     for i in range(1, m):         while j > 0 and pattern[i] != pattern[j]:             j = next_arr[j - 1]         if pattern[i] == pattern[j]:             j += 1         next_arr[i] = j      return next_arr  # 示例用法 pattern = ""ABCD"" text = ""ADOBECDCABA""  print(kmp_match(pattern, text))  # 输出: True ```  ### 下面是 `next` 数组构造的说明：  - **计算 `next` 数组**：   - 初始化一个数组 `next_arr`，大小为模式串长度 `m`，所有元素都初始化为 0。   - 使用循环遍历模式串：     - 对于每个位置 `i`，设 `j` 等于当前 `next_arr` 中的前一个不匹配字符的位置（即 `next_arr[j-1]`），但要避免负数情况。     - 如果当前模式字符和字符串中 `j` 处字符相同，则将 `j` 增加 1，即 `i += 1; j += 1;`     - 如果两者不同，则执行回退操作：将 `j` 重置为 `next_arr[j-1]`。   - 因此，每当遇到一个匹配时，下一个模式字符的位置 (从字符串中位置 `j+1` 开始) 将被计算出来。  ### 总结  这个实现使用了 KMP 算法来提高模式匹配效率。通过预先计算 `next` 数组，并在 `kmp_match` 函数中高效地应用它，可以显著减少查找次数和时间复杂度。"
C34,请翻译成英语：请在译文中保留关键术语原意。,2,[固定直连]qwen-1.5b,1.7634,16.0416,-23.52,73.85,70.22,Please translate into English: Ensure the translation retains the original meaning of key terms.
C35,请写一个 c++ 版单例模式实现，必须使用```代码块```并说明线程安全。,3,[固定直连]qwen-1.5b,54.7223,14.7462,-46.134,71.66,84.42,"下面是一个 C++ 单例模式的实现，使用了静态成员函数来创建实例，并且确保了线程安全。  ```cpp #include <iostream>  class Singleton { private:     // 私有构造函数和析构函数     Singleton() {}     ~Singleton() {}  public:     static Singleton& getInstance() {         // 检查是否存在已存在的实例         if (!instance) {             instance = new Singleton();         }                  return *instance;     }  private:     static Singleton* instance;  // 静态成员变量，用于存储唯一的实例      Singleton(const Singleton&) {}  // 不能拷贝构造函数     Singleton& operator=(const Singleton& other) { return *this;}  // 不能赋值操作符 };  // 初始化静态成员变量 Singleton* Singleton::instance = nullptr;  int main() {     // 打印单例的引用     std::cout << ""Singleton instance: "" << &Singleton::getInstance() << std::endl;          return 0; } ```  ### 解释  1. **静态成员函数**:    - `static Singleton& getInstance()` 是一个静态成员函数，用于获取唯一的实例。通过调用这个函数，可以确保只有一个实例存在。    - 在内部，`instance` 静态成员变量被初始化为 `nullptr`，并使用条件检查来防止重复创建相同的对象。  2. **线程安全**:    - 此实现非常简单且不具有线程安全性。由于它是静态的，每次调用都会访问同一个实例。    - 如果在多个线程中同时尝试获取单例对象，最终会得到同一个实例。这是因为静态变量和函数是共享的。  ### 复杂情况  如果在一个复杂的场景下需要确保单例的线程安全（例如，通过同步或锁机制），可以使用以下方法：  ```cpp #include <iostream> #include <mutex>  class Singleton { private:     // 私有构造函数和析构函数     Singleton() {}     ~Singleton() {}  public:     static Singleton& getInstance() {         std::lock_guard<std::mutex> lock(singletonMutex);  // 使用互斥锁来保证线程安全         if (!instance) {             instance = new Singleton();         }                  return *instance;     }  private:     static Singleton* instance;  // 静态成员变量，用于存储唯一的实例      Singleton(const Singleton&) {}  // 不能拷贝构造函数     Singleton& operator=(const Singleton& other) { return *this;}  // 不能赋值操作符          mutable std::mutex singletonMutex;  // 使用锁来确保线程安全 };  // 初始化静态成员变量 Singleton* Singleton::instance = nullptr;  int main() {     // 打印单例的引用     std::cout << ""Singleton instance: "" << &Singleton::getInstance() << std::endl;          return 0; } ```  ### 解释  1. **互斥锁**:    - 使用 `std::lock_guard` 来确保在获取实例时只有一个线程访问共享资源（即 `instance`）。这避免了多个线程同时访问同一个对象的场景。     2. **线程安全锁机制**:    - 这个实现使用了一个私有的互斥锁 `singletonMutex`，每个线程都需要锁定这个锁才能获取实例。这样确保了所有线程只能在独占模式下操作单例。  总之，静态成员函数和互斥锁是实现单例线程安全的基本方法。但是需要注意的是，复杂场景下的线程安全通常需要更复杂的同步机制来保证数据的一致性和安全性。"
C36,请翻译成英语：系统必须支持自动化场景回归测试。,2,[固定直连]qwen-1.5b,1.1927,18.1373,-30.744,71.61,74.14,The system must support automated scenario regression testing.
C37,请用 python 实现哈希表冲突处理，必须输出```代码块```。,3,[固定直连]qwen-1.5b,54.3874,14.4536,-52.092,69.43,87.5,"在Python中实现一个简单的哈希表，并处理冲突（如使用开放地址法和线性探测法）。我们将使用字典作为哈希表的基本数据结构。  ### 具体步骤：  1. **定义哈希函数**：用于计算键的哈希值。 2. **哈希碰撞处理**：当发生冲突时，我们有几种方法来解决它：    - **开放地址法（散列法）**：如线性探测法或二次探测法。    - **链地址法**：每个相同哈希值的键都存储在一个链表中。  ### 示例代码：  ```python class HashTable:     def __init__(self, size):         self.size = size         self.table = [[] for _ in range(size)]      def hash(self, key):         # 假设我们使用简单哈希法，键的长度乘以一个较大的数作为哈希值。         return sum(ord(c) for c in str(key)) % self.size      def insert(self, key, value):         h = self.hash(key)         if not self.table[h]:             self.table[h] = [(key, value)]         else:             # 使用线性探测法             i = 0             while True:                 next_h = (h + i) % self.size                 for entry in self.table[next_h]:                     if key == entry[0]:                         entry.append(value)                         break                     i += 1                     if i >= self.size:  # 如果线性探测法用尽，使用二次探测法。                         j = (h + i * i) % self.size                         for entry in self.table[j]:                             if key == entry[0]:                                 entry.append(value)                                 break                 else:                     self.table[next_h].append((key, value))                     break      def search(self, key):         h = self.hash(key)         for entry in self.table[h]:             if key == entry[0]:                 return True, entry[1]         return False, None      def delete(self, key):         h = self.hash(key)         for i, entry in enumerate(self.table[h]):             if key == entry[0]:                 del self.table[h][i]                 break ```  ### 示例用法：  ```python ht = HashTable(10)  # 插入一些键值对 print(ht.insert('apple', 5))   # 应该插入一个条目 print(ht.insert('banana', 3)) print(ht.insert('pear', 2))  # 搜索某个键 print(ht.search('pear'))        # (True, 2)  # 删除某个键 ht.delete('banana') print(ht.search('banana'))     # (False, None) ```  ### 解释：  1. **定义哈希函数**：我们使用简单的哈希函数，将每个字符的ASCII码值相加并取余数得到哈希值。 2. **插入操作**：    - 如果存在空位置，则直接添加键值对。    - 如果冲突发生（多个相同哈希值），则使用线性探测法（或二次探测法）扩展到下一个位置。 3. **查找操作**：返回与给定键关联的条目。 4. **删除操作**：    - 遍历指定哈希值的位置，找到该键的条目并移除它。  这个示例实现了简单的哈希表，并处理了冲突。通过使用不同的探测法（如线性探测法或二次探测法），我们可以有效地管理和查找存储在哈希表中的数据。"
C38,请翻译成英语：请严格按照输入语义进行翻译。,2,[固定直连]qwen-1.5b,1.1536,17.4641,-35.832,69.38,76.64,Please translate according to the input meaning.
C39,请给出 C++ 版 BFS 与 DFS，必须使用```代码块```并比较复杂度。,3,[固定直连]qwen-1.5b,40.4777,14.9913,-47.619,67.76,83.85,"当然，请看下面的C++实现：  ```cpp #include <iostream> #include <vector>  using namespace std;  // BFS int bfs(int start, int end) {     vector<bool> visited(100); // 状态数组，表示是否访问过某节点     queue<int> q; // 定义一个队列用于BFS      // 初始化     q.push(start);     while (!q.empty()) {         int curr = q.front();         q.pop();          if (curr == end) return 1;          for (int i = 0; i < 26; ++i) { // 标签表，表示字母             int next = curr + i;             if (next > 99 || visited[next]) continue;             q.push(next);             visited[next] = true;         }     }     return 0; }  // DFS int dfs(int start, int end) {     vector<bool> visited(100); // 状态数组，表示是否访问过某节点      // 回溯树的搜索路径栈     stack<pair<int, int>> path;      path.push({start, -1});     while (!path.empty()) {         pair<int, int> curr = path.top();         path.pop();          if (curr.first == end) return 1;                  for (int i = 0; i < 26; ++i) { // 标签表，表示字母             int next = curr.first + i;             if (next > 99 || visited[next]) continue;             path.push({next, -1});             visited[next] = true;         }     }     return 0; }  int main() {     cout << ""BFS: "";     for (int i = 0; i < 50; ++i) { // 这里是测试代码         if (bfs(i, i + 1)) {             cout << i << "", "";         }     }      cout << ""\nDFS: "";     for (int i = 0; i < 50; ++i) { // 这里是测试代码         if (dfs(i, i + 1)) {             cout << i << "", "";         }     }      return 0; } ```  比较复杂度： - BFS：复杂度是O(n)，其中n是节点的数量。因为需要访问每个节点一次。 - DFS：复杂度是O(n)，其中n是节点的数量。因为在最坏情况下，所有节点都是互相连通的，每次会进入一个新的层次。  注意：在测试代码中，如果节点编号从0开始到49，那么BFS和DFS都能正确找出所有的路径（从起点到终点）。"
C40,请翻译成英语：我们正在构建高内聚低耦合的评测流水线。,2,[固定直连]qwen-1.5b,1.9694,16.5705,-32.877,67.68,73.99,We are building a test pipeline with high cohesion and low coupling.
